{
    "credit": "xuancat0208",
    "texture_size": [32, 32],
    "textures": {
        "0": "item/custom/decorative_helmets/rabbit_ear/rabbit_ear_rainbow",
        "particle": "item/custom/decorative_helmets/rabbit_ear/rabbit_ear_rainbow"
    },
    "elements": [
        {
            "from": [4, 0, 7],
            "to": [7, 13, 8],
            "faces": {
                "north": {"uv": [6.5, 0.5, 8, 7], "texture": "#0"},
                "east": {"uv": [6, 0.5, 6.5, 7], "texture": "#0"},
                "south": {"uv": [8.5, 0.5, 10, 7], "texture": "#0"},
                "west": {"uv": [8, 0.5, 8.5, 7], "texture": "#0"},
                "up": {"uv": [8, 0.5, 6.5, 0], "texture": "#0"},
                "down": {"uv": [9.5, 0, 8, 0.5], "texture": "#0"}
            }
        },
        {
            "from": [3, 0, 7],
            "to": [4, 11, 8],
            "faces": {
                "north": {"uv": [4.5, 0.5, 5, 6], "texture": "#0"},
                "east": {"uv": [4, 0.5, 4.5, 6], "texture": "#0"},
                "south": {"uv": [5.5, 0.5, 6, 6], "texture": "#0"},
                "west": {"uv": [5, 0.5, 5.5, 6], "texture": "#0"},
                "up": {"uv": [5, 0.5, 4.5, 0], "texture": "#0"},
                "down": {"uv": [5.5, 0, 5, 0.5], "texture": "#0"}
            }
        },
        {
            "from": [9, 0, 7],
            "to": [12, 13, 8],
            "faces": {
                "north": {"uv": [12.5, 0.5, 14, 7], "texture": "#0"},
                "east": {"uv": [12, 0.5, 12.5, 7], "texture": "#0"},
                "south": {"uv": [14.5, 0.5, 16, 7], "texture": "#0"},
                "west": {"uv": [14, 0.5, 14.5, 7], "texture": "#0"},
                "up": {"uv": [14, 0.5, 12.5, 0], "texture": "#0"},
                "down": {"uv": [15.5, 0, 14, 0.5], "texture": "#0"}
            }
        },
        {
            "from": [12, 0, 7],
            "to": [13, 11, 8],
            "faces": {
                "north": {"uv": [10.5, 0.5, 11, 6], "texture": "#0"},
                "east": {"uv": [10, 0.5, 10.5, 6], "texture": "#0"},
                "south": {"uv": [11.5, 0.5, 12, 6], "texture": "#0"},
                "west": {"uv": [11, 0.5, 11.5, 6], "texture": "#0"},
                "up": {"uv": [11, 0.5, 10.5, 0], "texture": "#0"},
                "down": {"uv": [11.5, 0, 11, 0.5], "texture": "#0"}
            }
        }
    ],
    "gui_light": "front",
    "display": {
        "thirdperson_righthand": {
            "rotation": [0, 113, 0],
            "translation": [-0.75, 3.5, 1.25],
            "scale": [0.5, 0.5, 0.5]
        },
        "thirdperson_lefthand": {
            "rotation": [0, 113, 0],
            "translation": [-0.75, 3.5, 1.25],
            "scale": [0.5, 0.5, 0.5]
        },
        "firstperson_righthand": {
            "rotation": [0, -154, -10],
            "translation": [3, 5, 0]
        },
        "firstperson_lefthand": {
            "rotation": [0, -154, -10],
            "translation": [3, 5, 0]
        },
        "ground": {
            "translation": [0, 4.75, 0.6],
            "scale": [0.6, 0.6, 0.6]
        },
        "gui": {
            "rotation": [0, -180, 0],
            "translation": [0, 3, 0]
        },
        "head": {
            "translation": [0, 14.25, -0.75]
        },
        "fixed": {
            "translation": [0, 3.25, 0.5]
        }
    },
    "groups": [
        {
            "name": "group",
            "origin": [0, 0, 0],
            "color": 0,
            "children": [0, 1]
        },
        {
            "name": "group",
            "origin": [0, 0, 0],
            "color": 0,
            "children": [2, 3]
        }
    ]
}