{
    "credit": "xuancat0208",
    "textures": {
        "0": "item/custom/decorative_helmets/cat_ear/cat_ear_gray",
        "particle": "item/custom/decorative_helmets/cat_ear/cat_ear_gray"
    },
    "elements": [
        {
            "from": [3, 2, 8],
            "to": [4, 6, 9],
            "rotation": {"angle": -22.5, "axis": "y", "origin": [5, 5, 9]},
            "faces": {
                "north": {"uv": [13, 1, 14, 5], "texture": "#0"},
                "east": {"uv": [12, 1, 13, 5], "texture": "#0"},
                "south": {"uv": [15, 1, 16, 5], "texture": "#0"},
                "west": {"uv": [14, 1, 15, 5], "texture": "#0"},
                "up": {"uv": [14, 1, 13, 0], "texture": "#0"},
                "down": {"uv": [15, 0, 14, 1], "texture": "#0"}
            }
        },
        {
            "from": [2.23044, 2, 7.15851],
            "to": [3.23044, 5, 8.15851],
            "rotation": {"angle": -22.5, "axis": "y", "origin": [3, 5, 8]},
            "faces": {
                "north": {"uv": [13, 7, 14, 10], "texture": "#0"},
                "east": {"uv": [12, 7, 13, 10], "texture": "#0"},
                "south": {"uv": [15, 7, 16, 10], "texture": "#0"},
                "west": {"uv": [14, 7, 15, 10], "texture": "#0"},
                "up": {"uv": [14, 7, 13, 6], "texture": "#0"},
                "down": {"uv": [15, 6, 14, 7], "texture": "#0"}
            }
        },
        {
            "from": [4, 2, 8],
            "to": [5, 6, 9],
            "rotation": {"angle": -22.5, "axis": "y", "origin": [5, 5, 9]},
            "faces": {
                "north": {"uv": [13, 12, 14, 16], "texture": "#0"},
                "east": {"uv": [12, 12, 13, 16], "texture": "#0"},
                "south": {"uv": [15, 12, 16, 16], "texture": "#0"},
                "west": {"uv": [14, 12, 15, 16], "texture": "#0"},
                "up": {"uv": [14, 12, 13, 11], "texture": "#0"},
                "down": {"uv": [15, 11, 14, 12], "texture": "#0"}
            }
        },
        {
            "from": [1, 0, 8],
            "to": [2, 4, 9],
            "rotation": {"angle": -22.5, "axis": "y", "origin": [5, 5, 9]},
            "faces": {
                "north": {"uv": [9, 12, 10, 16], "texture": "#0"},
                "east": {"uv": [8, 12, 9, 16], "texture": "#0"},
                "south": {"uv": [11, 12, 12, 16], "texture": "#0"},
                "west": {"uv": [10, 12, 11, 16], "texture": "#0"},
                "up": {"uv": [10, 12, 9, 11], "texture": "#0"},
                "down": {"uv": [11, 11, 10, 12], "texture": "#0"}
            }
        },
        {
            "from": [6, 2, 8],
            "to": [7, 4, 9],
            "rotation": {"angle": 22.5, "axis": "y", "origin": [5, 2, 9]},
            "faces": {
                "north": {"uv": [9, 1, 10, 3], "texture": "#0"},
                "east": {"uv": [8, 1, 9, 3], "texture": "#0"},
                "south": {"uv": [11, 1, 12, 3], "texture": "#0"},
                "west": {"uv": [10, 1, 11, 3], "texture": "#0"},
                "up": {"uv": [10, 1, 9, 0], "texture": "#0"},
                "down": {"uv": [11, 0, 10, 1], "texture": "#0"}
            }
        },
        {
            "from": [5, 2, 8],
            "to": [6, 5, 9],
            "rotation": {"angle": 22.5, "axis": "y", "origin": [5, 2, 9]},
            "faces": {
                "north": {"uv": [9, 8, 10, 11], "texture": "#0"},
                "east": {"uv": [8, 8, 9, 11], "texture": "#0"},
                "south": {"uv": [11, 8, 12, 11], "texture": "#0"},
                "west": {"uv": [10, 8, 11, 11], "texture": "#0"},
                "up": {"uv": [10, 8, 9, 7], "texture": "#0"},
                "down": {"uv": [11, 7, 10, 8], "texture": "#0"}
            }
        },
        {
            "from": [9, 2, 8],
            "to": [10, 4, 9],
            "rotation": {"angle": -22.5, "axis": "y", "origin": [11, 5, 9]},
            "faces": {
                "north": {"uv": [9, 4, 10, 6], "texture": "#0"},
                "east": {"uv": [8, 4, 9, 6], "texture": "#0"},
                "south": {"uv": [11, 4, 12, 6], "texture": "#0"},
                "west": {"uv": [10, 4, 11, 6], "texture": "#0"},
                "up": {"uv": [10, 4, 9, 3], "texture": "#0"},
                "down": {"uv": [11, 3, 10, 4], "texture": "#0"}
            }
        },
        {
            "from": [10, 2, 8],
            "to": [11, 5, 9],
            "rotation": {"angle": -22.5, "axis": "y", "origin": [11, 5, 9]},
            "faces": {
                "north": {"uv": [5, 1, 6, 4], "texture": "#0"},
                "east": {"uv": [4, 1, 5, 4], "texture": "#0"},
                "south": {"uv": [7, 1, 8, 4], "texture": "#0"},
                "west": {"uv": [6, 1, 7, 4], "texture": "#0"},
                "up": {"uv": [6, 1, 5, 0], "texture": "#0"},
                "down": {"uv": [7, 0, 6, 1], "texture": "#0"}
            }
        },
        {
            "from": [12, 2, 8],
            "to": [13, 6, 9],
            "rotation": {"angle": 22.5, "axis": "y", "origin": [11, 2, 9]},
            "faces": {
                "north": {"uv": [5, 5, 6, 9], "texture": "#0"},
                "east": {"uv": [4, 5, 5, 9], "texture": "#0"},
                "south": {"uv": [7, 5, 8, 9], "texture": "#0"},
                "west": {"uv": [6, 5, 7, 9], "texture": "#0"},
                "up": {"uv": [6, 5, 5, 4], "texture": "#0"},
                "down": {"uv": [7, 4, 6, 5], "texture": "#0"}
            }
        },
        {
            "from": [13, 2, 8],
            "to": [14, 5, 9],
            "rotation": {"angle": 22.5, "axis": "y", "origin": [11, 2, 9]},
            "faces": {
                "north": {"uv": [1, 1, 2, 4], "texture": "#0"},
                "east": {"uv": [0, 1, 1, 4], "texture": "#0"},
                "south": {"uv": [3, 1, 4, 4], "texture": "#0"},
                "west": {"uv": [2, 1, 3, 4], "texture": "#0"},
                "up": {"uv": [2, 1, 1, 0], "texture": "#0"},
                "down": {"uv": [3, 0, 2, 1], "texture": "#0"}
            }
        },
        {
            "from": [11, 2, 8],
            "to": [12, 6, 9],
            "rotation": {"angle": 22.5, "axis": "y", "origin": [11, 2, 9]},
            "faces": {
                "north": {"uv": [1, 6, 2, 10], "texture": "#0"},
                "east": {"uv": [0, 6, 1, 10], "texture": "#0"},
                "south": {"uv": [3, 6, 4, 10], "texture": "#0"},
                "west": {"uv": [2, 6, 3, 10], "texture": "#0"},
                "up": {"uv": [2, 6, 1, 5], "texture": "#0"},
                "down": {"uv": [3, 5, 2, 6], "texture": "#0"}
            }
        },
        {
            "from": [14, 0, 8],
            "to": [15, 4, 9],
            "rotation": {"angle": 22.5, "axis": "y", "origin": [11, 5, 9]},
            "faces": {
                "north": {"uv": [1, 11, 2, 15], "texture": "#0"},
                "east": {"uv": [0, 11, 1, 15], "texture": "#0"},
                "south": {"uv": [3, 11, 4, 15], "texture": "#0"},
                "west": {"uv": [2, 11, 3, 15], "texture": "#0"},
                "up": {"uv": [2, 11, 1, 10], "texture": "#0"},
                "down": {"uv": [3, 10, 2, 11], "texture": "#0"}
            }
        }
    ],
    "gui_light": "front",
    "display": {
        "thirdperson_righthand": {
            "rotation": [0, 113, 0],
            "translation": [-0.75, 2.75, 1.25],
            "scale": [0.5, 0.5, 0.5]
        },
        "thirdperson_lefthand": {
            "rotation": [0, 113, 0],
            "translation": [-0.75, 2.75, 1.25],
            "scale": [0.5, 0.5, 0.5]
        },
        "firstperson_righthand": {
            "rotation": [0, -154, -10],
            "translation": [3, 5, 0]
        },
        "firstperson_lefthand": {
            "rotation": [0, -154, -10],
            "translation": [3, 5, 0]
        },
        "ground": {
            "translation": [0, 4, 0],
            "scale": [0.45, 0.45, 0.45]
        },
        "gui": {
            "rotation": [0, -180, 0],
            "translation": [0, 7, 0]
        },
        "head": {
            "translation": [0, 12.25, -0.75],
            "scale": [1.1, 1.1, 1.1]
        },
        "fixed": {
            "translation": [0, 8, -0.5]
        }
    },
    "groups": [
        {
            "name": "group",
            "origin": [0, 0, 0],
            "color": 0,
            "children": [0, 1, 2, 3, 4, 5]
        },
        {
            "name": "group",
            "origin": [0, 0, 0],
            "color": 0,
            "children": [6, 7, 8, 9, 10, 11]
        }
    ]
}