{
    "credit": "xuancat0208",
    "textures": {
        "0": "item/custom/decorative_helmets/demon_corner/demon_corner_cyan",
        "particle": "item/custom/decorative_helmets/demon_corner/demon_corner_cyan"
    },
    "elements": [
        {
            "from": [4, 2, 7],
            "to": [5, 3, 9],
            "rotation": {"angle": 45, "axis": "z", "origin": [4, 0, 7]},
            "faces": {
                "north": {"uv": [2, 8, 3, 9], "texture": "#0"},
                "east": {"uv": [6, 2, 8, 3], "texture": "#0"},
                "south": {"uv": [8, 2, 9, 3], "texture": "#0"},
                "west": {"uv": [6, 3, 8, 4], "texture": "#0"},
                "up": {"uv": [5, 8, 4, 6], "texture": "#0"},
                "down": {"uv": [7, 4, 6, 6], "texture": "#0"}
            }
        },
        {
            "from": [4, 3, 8],
            "to": [5, 4, 9],
            "rotation": {"angle": 45, "axis": "z", "origin": [4, 0, 7]},
            "faces": {
                "north": {"uv": [4, 8, 5, 9], "texture": "#0"},
                "east": {"uv": [8, 5, 9, 6], "texture": "#0"},
                "south": {"uv": [6, 8, 7, 9], "texture": "#0"},
                "west": {"uv": [8, 6, 9, 7], "texture": "#0"},
                "up": {"uv": [8, 9, 7, 8], "texture": "#0"},
                "down": {"uv": [9, 7, 8, 8], "texture": "#0"}
            }
        },
        {
            "from": [3, 2, 8],
            "to": [4, 3, 9],
            "rotation": {"angle": 45, "axis": "z", "origin": [4, 0, 7]},
            "faces": {
                "north": {"uv": [6, 7, 7, 8], "texture": "#0"},
                "east": {"uv": [7, 7, 8, 8], "texture": "#0"},
                "south": {"uv": [0, 8, 1, 9], "texture": "#0"},
                "west": {"uv": [8, 0, 9, 1], "texture": "#0"},
                "up": {"uv": [2, 9, 1, 8], "texture": "#0"},
                "down": {"uv": [9, 1, 8, 2], "texture": "#0"}
            }
        },
        {
            "from": [3, 0, 7],
            "to": [5, 2, 9],
            "rotation": {"angle": 45, "axis": "z", "origin": [4, 0, 7]},
            "faces": {
                "north": {"uv": [0, 0, 2, 2], "texture": "#0"},
                "east": {"uv": [0, 2, 2, 4], "texture": "#0"},
                "south": {"uv": [2, 0, 4, 2], "texture": "#0"},
                "west": {"uv": [2, 2, 4, 4], "texture": "#0"},
                "up": {"uv": [2, 6, 0, 4], "texture": "#0"},
                "down": {"uv": [6, 0, 4, 2], "texture": "#0"}
            }
        },
        {
            "from": [11, 2, 7],
            "to": [12, 3, 9],
            "rotation": {"angle": -45, "axis": "z", "origin": [12, 0, 7]},
            "faces": {
                "north": {"uv": [3, 8, 4, 9], "texture": "#0"},
                "east": {"uv": [5, 6, 7, 7], "texture": "#0"},
                "south": {"uv": [8, 3, 9, 4], "texture": "#0"},
                "west": {"uv": [7, 4, 9, 5], "texture": "#0"},
                "up": {"uv": [6, 9, 5, 7], "texture": "#0"},
                "down": {"uv": [8, 5, 7, 7], "texture": "#0"}
            }
        },
        {
            "from": [11, 3, 8],
            "to": [12, 4, 9],
            "rotation": {"angle": -45, "axis": "z", "origin": [12, 0, 7]},
            "faces": {
                "north": {"uv": [8, 8, 9, 9], "texture": "#0"},
                "east": {"uv": [0, 9, 1, 10], "texture": "#0"},
                "south": {"uv": [9, 0, 10, 1], "texture": "#0"},
                "west": {"uv": [1, 9, 2, 10], "texture": "#0"},
                "up": {"uv": [10, 2, 9, 1], "texture": "#0"},
                "down": {"uv": [3, 9, 2, 10], "texture": "#0"}
            }
        },
        {
            "from": [12, 2, 8],
            "to": [13, 3, 9],
            "rotation": {"angle": -45, "axis": "z", "origin": [12, 0, 7]},
            "faces": {
                "north": {"uv": [9, 2, 10, 3], "texture": "#0"},
                "east": {"uv": [3, 9, 4, 10], "texture": "#0"},
                "south": {"uv": [9, 3, 10, 4], "texture": "#0"},
                "west": {"uv": [4, 9, 5, 10], "texture": "#0"},
                "up": {"uv": [10, 5, 9, 4], "texture": "#0"},
                "down": {"uv": [6, 9, 5, 10], "texture": "#0"}
            }
        },
        {
            "from": [11, 0, 7],
            "to": [13, 2, 9],
            "rotation": {"angle": -45, "axis": "z", "origin": [12, 0, 7]},
            "faces": {
                "north": {"uv": [2, 4, 4, 6], "texture": "#0"},
                "east": {"uv": [4, 2, 6, 4], "texture": "#0"},
                "south": {"uv": [4, 4, 6, 6], "texture": "#0"},
                "west": {"uv": [0, 6, 2, 8], "texture": "#0"},
                "up": {"uv": [8, 2, 6, 0], "texture": "#0"},
                "down": {"uv": [4, 6, 2, 8], "texture": "#0"}
            }
        }
    ],
    "gui_light": "front",
    "display": {
        "thirdperson_righthand": {
            "rotation": [0, 113, 0],
            "translation": [-0.75, 3.75, 2],
            "scale": [0.5, 0.5, 0.5]
        },
        "thirdperson_lefthand": {
            "rotation": [0, 113, 0],
            "translation": [-0.75, 3.75, 2],
            "scale": [0.5, 0.5, 0.5]
        },
        "firstperson_righthand": {
            "rotation": [0, -154, -10],
            "translation": [3.25, 7.75, 0]
        },
        "firstperson_lefthand": {
            "rotation": [0, -154, -10],
            "translation": [3.25, 7.75, 0]
        },
        "ground": {
            "translation": [0, 4.75, 0.6],
            "scale": [0.6, 0.6, 0.6]
        },
        "gui": {
            "rotation": [0, -180, 0],
            "translation": [0, 8.25, 0]
        },
        "head": {
            "translation": [0, 14.5, -0.75],
            "scale": [1.25, 1.25, 1.25]
        },
        "fixed": {
            "translation": [0, 10.25, -0.5],
            "scale": [1.2, 1.2, 1.2]
        }
    },
    "groups": [
        {
            "name": "group",
            "origin": [0, 0, 0],
            "color": 0,
            "children": [0, 1, 2, 3]
        },
        {
            "name": "group",
            "origin": [0, 0, 0],
            "color": 0,
            "children": [4, 5, 6, 7]
        }
    ]
}