{
    "credit": "xuancat0208",
    "texture_size": [34, 34],
    "textures": {
        "0": "item/custom/decorative_helmets/cat_hat/cat_hat_pudding",
        "particle": "item/custom/decorative_helmets/cat_hat/cat_hat_pudding"
    },
    "elements": [
        {
            "from": [5, 0, 4],
            "to": [10, 5, 16],
            "rotation": {"angle": 0, "axis": "y", "origin": [5, 0, 4]},
            "faces": {
                "north": {"uv": [5.64706, 5.64706, 8, 8], "texture": "#0"},
                "east": {"uv": [0, 5.64706, 5.64706, 8], "texture": "#0"},
                "south": {"uv": [13.64706, 5.64706, 16, 8], "texture": "#0"},
                "west": {"uv": [8, 5.64706, 13.64706, 8], "texture": "#0"},
                "up": {"uv": [8, 5.64706, 5.64706, 0], "texture": "#0"},
                "down": {"uv": [10.35294, 0, 8, 5.64706], "texture": "#0"}
            }
        },
        {
            "from": [5, -4, 13],
            "to": [7, 1, 15],
            "rotation": {"angle": -22.5, "axis": "x", "origin": [6, 2, 15]},
            "faces": {
                "north": {"uv": [0.94118, 8.94118, 1.88235, 11.29412], "texture": "#0"},
                "east": {"uv": [0, 8.94118, 0.94118, 11.29412], "texture": "#0"},
                "south": {"uv": [2.82353, 8.94118, 3.76471, 11.29412], "texture": "#0"},
                "west": {"uv": [1.88235, 8.94118, 2.82353, 11.29412], "texture": "#0"},
                "up": {"uv": [1.88235, 8.94118, 0.94118, 8], "texture": "#0"},
                "down": {"uv": [2.82353, 8, 1.88235, 8.94118], "texture": "#0"}
            }
        },
        {
            "from": [8, -4, 13],
            "to": [10, 1, 15],
            "rotation": {"angle": -22.5, "axis": "x", "origin": [9, 2, 15]},
            "faces": {
                "north": {"uv": [4.70588, 8.94118, 5.64706, 11.29412], "texture": "#0"},
                "east": {"uv": [3.76471, 8.94118, 4.70588, 11.29412], "texture": "#0"},
                "south": {"uv": [6.58824, 8.94118, 7.52941, 11.29412], "texture": "#0"},
                "west": {"uv": [5.64706, 8.94118, 6.58824, 11.29412], "texture": "#0"},
                "up": {"uv": [5.64706, 8.94118, 4.70588, 8], "texture": "#0"},
                "down": {"uv": [6.58824, 8, 5.64706, 8.94118], "texture": "#0"}
            }
        },
        {
            "from": [4, -4, 2],
            "to": [6, 3, 4],
            "rotation": {"angle": 22.5, "axis": "x", "origin": [5, 0, 4]},
            "faces": {
                "north": {"uv": [0.94118, 12.23529, 1.88235, 15.52941], "texture": "#0"},
                "east": {"uv": [0, 12.23529, 0.94118, 15.52941], "texture": "#0"},
                "south": {"uv": [2.82353, 12.23529, 3.76471, 15.52941], "texture": "#0"},
                "west": {"uv": [1.88235, 12.23529, 2.82353, 15.52941], "texture": "#0"},
                "up": {"uv": [1.88235, 12.23529, 0.94118, 11.29412], "texture": "#0"},
                "down": {"uv": [2.82353, 11.29412, 1.88235, 12.23529], "texture": "#0"}
            }
        },
        {
            "from": [9, -4, 2],
            "to": [11, 3, 4],
            "rotation": {"angle": 22.5, "axis": "x", "origin": [5, 0, 4]},
            "faces": {
                "north": {"uv": [13.17647, 0.94118, 14.11765, 4.23529], "texture": "#0"},
                "east": {"uv": [12.23529, 0.94118, 13.17647, 4.23529], "texture": "#0"},
                "south": {"uv": [15.05882, 0.94118, 16, 4.23529], "texture": "#0"},
                "west": {"uv": [14.11765, 0.94118, 15.05882, 4.23529], "texture": "#0"},
                "up": {"uv": [14.11765, 0.94118, 13.17647, 0], "texture": "#0"},
                "down": {"uv": [15.05882, 0, 14.11765, 0.94118], "texture": "#0"}
            }
        },
        {
            "from": [5, 1, -1],
            "to": [10, 5, 4],
            "rotation": {"angle": -22.5, "axis": "x", "origin": [8, 3, 1]},
            "faces": {
                "north": {"uv": [8.94118, 11.29412, 11.29412, 13.17647], "texture": "#0"},
                "east": {"uv": [6.58824, 11.29412, 8.94118, 13.17647], "texture": "#0"},
                "south": {"uv": [13.64706, 11.29412, 16, 13.17647], "texture": "#0"},
                "west": {"uv": [11.29412, 11.29412, 13.64706, 13.17647], "texture": "#0"},
                "up": {"uv": [11.29412, 11.29412, 8.94118, 8.94118], "texture": "#0"},
                "down": {"uv": [13.64706, 8.94118, 11.29412, 11.29412], "texture": "#0"}
            }
        },
        {
            "from": [6, 1, -2],
            "to": [9, 3, -1],
            "rotation": {"angle": -22.5, "axis": "x", "origin": [8, 3, 1]},
            "faces": {
                "north": {"uv": [12.70588, 15.05882, 14.11765, 16], "texture": "#0"},
                "east": {"uv": [12.23529, 15.05882, 12.70588, 16], "texture": "#0"},
                "south": {"uv": [14.58824, 15.05882, 16, 16], "texture": "#0"},
                "west": {"uv": [14.11765, 15.05882, 14.58824, 16], "texture": "#0"},
                "up": {"uv": [14.11765, 15.05882, 12.70588, 14.58824], "texture": "#0"},
                "down": {"uv": [15.52941, 14.58824, 14.11765, 15.05882], "texture": "#0"}
            }
        },
        {
            "from": [5, 5, 1],
            "to": [6, 6, 3],
            "rotation": {"angle": -22.5, "axis": "x", "origin": [8, 3, 1]},
            "faces": {
                "north": {"uv": [10.35294, 15.52941, 10.82353, 16], "texture": "#0"},
                "east": {"uv": [9.41176, 15.52941, 10.35294, 16], "texture": "#0"},
                "south": {"uv": [11.76471, 15.52941, 12.23529, 16], "texture": "#0"},
                "west": {"uv": [10.82353, 15.52941, 11.76471, 16], "texture": "#0"},
                "up": {"uv": [10.82353, 15.52941, 10.35294, 14.58824], "texture": "#0"},
                "down": {"uv": [11.29412, 14.58824, 10.82353, 15.52941], "texture": "#0"}
            }
        },
        {
            "from": [9, 5, 1],
            "to": [10, 6, 3],
            "rotation": {"angle": -22.5, "axis": "x", "origin": [8, 3, 1]},
            "faces": {
                "north": {"uv": [7.52941, 15.52941, 8, 16], "texture": "#0"},
                "east": {"uv": [6.58824, 15.52941, 7.52941, 16], "texture": "#0"},
                "south": {"uv": [8.94118, 15.52941, 9.41176, 16], "texture": "#0"},
                "west": {"uv": [8, 15.52941, 8.94118, 16], "texture": "#0"},
                "up": {"uv": [8, 15.52941, 7.52941, 14.58824], "texture": "#0"},
                "down": {"uv": [8.47059, 14.58824, 8, 15.52941], "texture": "#0"}
            }
        },
        {
            "from": [7, -2, 16],
            "to": [8, 4, 17],
            "rotation": {"angle": 22.5, "axis": "z", "origin": [7, 4, 16]},
            "faces": {
                "north": {"uv": [4.23529, 0.47059, 4.70588, 3.29412], "texture": "#0"},
                "east": {"uv": [3.76471, 0.47059, 4.23529, 3.29412], "texture": "#0"},
                "south": {"uv": [5.17647, 0.47059, 5.64706, 3.29412], "texture": "#0"},
                "west": {"uv": [4.70588, 0.47059, 5.17647, 3.29412], "texture": "#0"},
                "up": {"uv": [4.70588, 0.47059, 4.23529, 0], "texture": "#0"},
                "down": {"uv": [5.17647, 0, 4.70588, 0.47059], "texture": "#0"}
            }
        },
        {
            "from": [9.44834, -5.69136, 16],
            "to": [10.44834, -1.69136, 17],
            "rotation": {"angle": 45, "axis": "z", "origin": [9, -2, 16]},
            "faces": {
                "north": {"uv": [2.35294, 0.47059, 2.82353, 2.35294], "texture": "#0"},
                "east": {"uv": [1.88235, 0.47059, 2.35294, 2.35294], "texture": "#0"},
                "south": {"uv": [3.29412, 0.47059, 3.76471, 2.35294], "texture": "#0"},
                "west": {"uv": [2.82353, 0.47059, 3.29412, 2.35294], "texture": "#0"},
                "up": {"uv": [2.82353, 0.47059, 2.35294, 0], "texture": "#0"},
                "down": {"uv": [3.29412, 0, 2.82353, 0.47059], "texture": "#0"}
            }
        }
    ],
    "display": {
        "thirdperson_righthand": {
            "rotation": [0, -180, 0],
            "translation": [-0.5, 7, 6.75],
            "scale": [0.92, 0.92, 0.92]
        },
        "thirdperson_lefthand": {
            "rotation": [0, -180, 0],
            "translation": [0.5, 7, 6.75],
            "scale": [0.92, 0.92, 0.92]
        },
        "firstperson_righthand": {
            "translation": [11, 2, 0]
        },
        "firstperson_lefthand": {
            "translation": [10, 2, 0]
        },
        "ground": {
            "translation": [0.03, 5.1, 0],
            "scale": [0.5, 0.5, 0.5]
        },
        "gui": {
            "rotation": [-20, 160, 7],
            "translation": [0.75, 7.25, 0],
            "scale": [1.1, 1.1, 1.1]
        },
        "head": {
            "translation": [0.56, 14.75, -1],
            "scale": [1.12, 1.12, 1.12]
        },
        "fixed": {
            "rotation": [0, -90, 0],
            "translation": [-0.5, 6.5, -1.5]
        }
    },
    "groups": [
        0,
        1,
        2,
        3,
        4,
        {
            "name": "group",
            "origin": [0, 0, 0],
            "color": 0,
            "children": [5, 6, 7, 8]
        },
        9,
        10
    ]
}