{
    "parent": "minecraft:item/generated",
    "textures": {
        "layer0": "minecraft:item/cookie"
    },
    "overrides": [
        {"predicate": {"custom_model_data": 50001}, "model": "custom_items/decorative_helmets/dessert/cake_roll_bear"},
        {"predicate": {"custom_model_data": 50002}, "model": "custom_items/decorative_helmets/dessert/cake_roll_straberry"},
        {"predicate": {"custom_model_data": 50003}, "model": "custom_items/decorative_helmets/dessert/donut_matcha"},
        {"predicate": {"custom_model_data": 50004}, "model": "custom_items/decorative_helmets/dessert/donut_sprinkles"},
        {"predicate": {"custom_model_data": 50005}, "model": "custom_items/decorative_helmets/dessert/donut_strawberry"},
        {"predicate": {"custom_model_data": 50006}, "model": "custom_items/decorative_helmets/dessert/donut_yogurt"},
        {"predicate": {"custom_model_data": 50007}, "model": "custom_items/decorative_helmets/dessert/macaron_orange"},
        {"predicate": {"custom_model_data": 50008}, "model": "custom_items/decorative_helmets/dessert/macaron_pink"},
        {"predicate": {"custom_model_data": 50009}, "model": "custom_items/decorative_helmets/dessert/macaron_turquiose"},
        {"predicate": {"custom_model_data": 50010}, "model": "custom_items/decorative_helmets/dessert/macaron_violet"},
        {"predicate": {"custom_model_data": 50011}, "model": "custom_items/decorative_helmets/dessert/macaron_yellow"},
        {"predicate": {"custom_model_data": 50012}, "model": "custom_items/decorative_helmets/dessert/pancake_or_honey"},
        {"predicate": {"custom_model_data": 50013}, "model": "custom_items/decorative_helmets/dessert/puddin"},
        {"predicate": {"custom_model_data": 50014}, "model": "custom_items/decorative_helmets/dessert/swiss_roll_choco_sauce"},
        {"predicate": {"custom_model_data": 50015}, "model": "custom_items/decorative_helmets/dessert/swiss_roll_macha"},
        {"predicate": {"custom_model_data": 50016}, "model": "custom_items/decorative_helmets/dessert/toast_choco"},
        {"predicate": {"custom_model_data": 50017}, "model": "custom_items/decorative_helmets/dessert/toast_choco_cream"},
        {"predicate": {"custom_model_data": 50018}, "model": "custom_items/decorative_helmets/dessert/toast_grape"},
        {"predicate": {"custom_model_data": 50019}, "model": "custom_items/decorative_helmets/dessert/toast_grape_cream"},
        {"predicate": {"custom_model_data": 50020}, "model": "custom_items/decorative_helmets/dessert/toast_matcha"},
        {"predicate": {"custom_model_data": 50021}, "model": "custom_items/decorative_helmets/dessert/toast_matcha_cream"},

        {"predicate": {"custom_model_data": 50022}, "model": "custom_items/decorative_helmets/dessert/candy_cane_blue"},
        {"predicate": {"custom_model_data": 50023}, "model": "custom_items/decorative_helmets/dessert/candy_cane_green"},
        {"predicate": {"custom_model_data": 50024}, "model": "custom_items/decorative_helmets/dessert/candy_cane_orange"},
        {"predicate": {"custom_model_data": 50025}, "model": "custom_items/decorative_helmets/dessert/candy_cane_pink"},
        {"predicate": {"custom_model_data": 50026}, "model": "custom_items/decorative_helmets/dessert/candy_cane_purple"},
        {"predicate": {"custom_model_data": 50027}, "model": "custom_items/decorative_helmets/dessert/candy_cane_red"},
        {"predicate": {"custom_model_data": 50028}, "model": "custom_items/decorative_helmets/dessert/candy_cane_yellow"},
        {"predicate": {"custom_model_data": 50029}, "model": "custom_items/decorative_helmets/dessert/cheese"},
        {"predicate": {"custom_model_data": 50030}, "model": "custom_items/decorative_helmets/dessert/cheese_puff"},
        {"predicate": {"custom_model_data": 50031}, "model": "custom_items/decorative_helmets/dessert/chocolate"},
        {"predicate": {"custom_model_data": 50032}, "model": "custom_items/decorative_helmets/dessert/chocolate_bone"},
        {"predicate": {"custom_model_data": 50033}, "model": "custom_items/decorative_helmets/dessert/chocolate_bread"},
        {"predicate": {"custom_model_data": 50034}, "model": "custom_items/decorative_helmets/dessert/chocolate_cake"},
        {"predicate": {"custom_model_data": 50035}, "model": "custom_items/decorative_helmets/dessert/chocolate_cookie"},
        {"predicate": {"custom_model_data": 50036}, "model": "custom_items/decorative_helmets/dessert/chocolate_ice_cream_cone"},
        {"predicate": {"custom_model_data": 50037}, "model": "custom_items/decorative_helmets/dessert/ice_cream_cone"},
        {"predicate": {"custom_model_data": 50038}, "model": "custom_items/decorative_helmets/dessert/sweet_berries_ice_cream_cone"},
        {"predicate": {"custom_model_data": 50039}, "model": "custom_items/decorative_helmets/dessert/beef_cheese_sandwich"},
        {"predicate": {"custom_model_data": 50040}, "model": "custom_items/decorative_helmets/dessert/mouldy_bread"}
    ]
}
