{
    "parent": "minecraft:item/handheld",
    "textures": {
        "layer0": "minecraft:item/diamond_axe"
    },
    "overrides": [
        {"predicate": {"custom_model_data": 16100}, "model": "custom_items/cat_palms/cat_palm_glove_black"},
        {"predicate": {"custom_model_data": 16101}, "model": "custom_items/cat_palms/cat_palm_glove_blue"},
        {"predicate": {"custom_model_data": 16102}, "model": "custom_items/cat_palms/cat_palm_glove_brown"},
        {"predicate": {"custom_model_data": 16103}, "model": "custom_items/cat_palms/cat_palm_glove_cyan"},
        {"predicate": {"custom_model_data": 16104}, "model": "custom_items/cat_palms/cat_palm_glove_gray"},
        {"predicate": {"custom_model_data": 16105}, "model": "custom_items/cat_palms/cat_palm_glove_green"},
        {"predicate": {"custom_model_data": 16106}, "model": "custom_items/cat_palms/cat_palm_glove_light_blue"},
        {"predicate": {"custom_model_data": 16107}, "model": "custom_items/cat_palms/cat_palm_glove_light_gray"},
        {"predicate": {"custom_model_data": 16108}, "model": "custom_items/cat_palms/cat_palm_glove_lime"},
        {"predicate": {"custom_model_data": 16109}, "model": "custom_items/cat_palms/cat_palm_glove_magenta"},
        {"predicate": {"custom_model_data": 16110}, "model": "custom_items/cat_palms/cat_palm_glove_orange"},
        {"predicate": {"custom_model_data": 16111}, "model": "custom_items/cat_palms/cat_palm_glove_pink"},
        {"predicate": {"custom_model_data": 16112}, "model": "custom_items/cat_palms/cat_palm_glove_purple"},
        {"predicate": {"custom_model_data": 16113}, "model": "custom_items/cat_palms/cat_palm_glove_red"},
        {"predicate": {"custom_model_data": 16114}, "model": "custom_items/cat_palms/cat_palm_glove_white"},
        {"predicate": {"custom_model_data": 16115}, "model": "custom_items/cat_palms/cat_palm_glove_yellow"},
        {"predicate": {"custom_model_data": 16116}, "model": "custom_items/cat_palms/cat_palm_glove_rainbow"},

        {"predicate": {"custom_model_data": 16200}, "model": "custom_items/cat_palms/cat_palm_glove_black_admin"},
        {"predicate": {"custom_model_data": 16201}, "model": "custom_items/cat_palms/cat_palm_glove_blue_admin"},
        {"predicate": {"custom_model_data": 16202}, "model": "custom_items/cat_palms/cat_palm_glove_brown_admin"},
        {"predicate": {"custom_model_data": 16203}, "model": "custom_items/cat_palms/cat_palm_glove_cyan_admin"},
        {"predicate": {"custom_model_data": 16204}, "model": "custom_items/cat_palms/cat_palm_glove_gray_admin"},
        {"predicate": {"custom_model_data": 16205}, "model": "custom_items/cat_palms/cat_palm_glove_green_admin"},
        {"predicate": {"custom_model_data": 16206}, "model": "custom_items/cat_palms/cat_palm_glove_light_blue_admin"},
        {"predicate": {"custom_model_data": 16207}, "model": "custom_items/cat_palms/cat_palm_glove_light_gray_admin"},
        {"predicate": {"custom_model_data": 16208}, "model": "custom_items/cat_palms/cat_palm_glove_lime_admin"},
        {"predicate": {"custom_model_data": 16209}, "model": "custom_items/cat_palms/cat_palm_glove_magenta_admin"},
        {"predicate": {"custom_model_data": 16210}, "model": "custom_items/cat_palms/cat_palm_glove_orange_admin"},
        {"predicate": {"custom_model_data": 16211}, "model": "custom_items/cat_palms/cat_palm_glove_pink_admin"},
        {"predicate": {"custom_model_data": 16212}, "model": "custom_items/cat_palms/cat_palm_glove_purple_admin"},
        {"predicate": {"custom_model_data": 16213}, "model": "custom_items/cat_palms/cat_palm_glove_red_admin"},
        {"predicate": {"custom_model_data": 16214}, "model": "custom_items/cat_palms/cat_palm_glove_white_admin"},
        {"predicate": {"custom_model_data": 16215}, "model": "custom_items/cat_palms/cat_palm_glove_yellow_admin"},
        {"predicate": {"custom_model_data": 16216}, "model": "custom_items/cat_palms/cat_palm_glove_rainbow_admin"}
    ]
}