{
    "parent": "item/handheld",
    "textures": {
        "layer0": "item/netherite_sword"
    },
    "overrides": [
        {"predicate": {"custom_model_data": 16300}, "model": "custom_items/cat_palms/cat_palm_stick_black_advanced"},
        {"predicate": {"custom_model_data": 16301}, "model": "custom_items/cat_palms/cat_palm_stick_blue_advanced"},
        {"predicate": {"custom_model_data": 16302}, "model": "custom_items/cat_palms/cat_palm_stick_brown_advanced"},
        {"predicate": {"custom_model_data": 16303}, "model": "custom_items/cat_palms/cat_palm_stick_cyan_advanced"},
        {"predicate": {"custom_model_data": 16304}, "model": "custom_items/cat_palms/cat_palm_stick_gray_advanced"},
        {"predicate": {"custom_model_data": 16305}, "model": "custom_items/cat_palms/cat_palm_stick_green_advanced"},
        {"predicate": {"custom_model_data": 16306}, "model": "custom_items/cat_palms/cat_palm_stick_light_blue_advanced"},
        {"predicate": {"custom_model_data": 16307}, "model": "custom_items/cat_palms/cat_palm_stick_light_gray_advanced"},
        {"predicate": {"custom_model_data": 16308}, "model": "custom_items/cat_palms/cat_palm_stick_lime_advanced"},
        {"predicate": {"custom_model_data": 16309}, "model": "custom_items/cat_palms/cat_palm_stick_magenta_advanced"},
        {"predicate": {"custom_model_data": 16310}, "model": "custom_items/cat_palms/cat_palm_stick_orange_advanced"},
        {"predicate": {"custom_model_data": 16311}, "model": "custom_items/cat_palms/cat_palm_stick_pink_advanced"},
        {"predicate": {"custom_model_data": 16312}, "model": "custom_items/cat_palms/cat_palm_stick_purple_advanced"},
        {"predicate": {"custom_model_data": 16313}, "model": "custom_items/cat_palms/cat_palm_stick_red_advanced"},
        {"predicate": {"custom_model_data": 16314}, "model": "custom_items/cat_palms/cat_palm_stick_white_advanced"},
        {"predicate": {"custom_model_data": 16315}, "model": "custom_items/cat_palms/cat_palm_stick_yellow_advanced"},
        {"predicate": {"custom_model_data": 16316}, "model": "custom_items/cat_palms/cat_palm_stick_rainbow_advanced"},

        {"predicate": {"custom_model_data": 16400}, "model": "custom_items/cat_palms/cat_palm_stick_black_advanced_admin"},
        {"predicate": {"custom_model_data": 16401}, "model": "custom_items/cat_palms/cat_palm_stick_blue_advanced_admin"},
        {"predicate": {"custom_model_data": 16402}, "model": "custom_items/cat_palms/cat_palm_stick_brown_advanced_admin"},
        {"predicate": {"custom_model_data": 16403}, "model": "custom_items/cat_palms/cat_palm_stick_cyan_advanced_admin"},
        {"predicate": {"custom_model_data": 16404}, "model": "custom_items/cat_palms/cat_palm_stick_gray_advanced_admin"},
        {"predicate": {"custom_model_data": 16405}, "model": "custom_items/cat_palms/cat_palm_stick_green_advanced_admin"},
        {"predicate": {"custom_model_data": 16406}, "model": "custom_items/cat_palms/cat_palm_stick_light_blue_advanced_admin"},
        {"predicate": {"custom_model_data": 16407}, "model": "custom_items/cat_palms/cat_palm_stick_light_gray_advanced_admin"},
        {"predicate": {"custom_model_data": 16408}, "model": "custom_items/cat_palms/cat_palm_stick_lime_advanced_admin"},
        {"predicate": {"custom_model_data": 16409}, "model": "custom_items/cat_palms/cat_palm_stick_magenta_advanced_admin"},
        {"predicate": {"custom_model_data": 16410}, "model": "custom_items/cat_palms/cat_palm_stick_orange_advanced_admin"},
        {"predicate": {"custom_model_data": 16411}, "model": "custom_items/cat_palms/cat_palm_stick_pink_advanced_admin"},
        {"predicate": {"custom_model_data": 16412}, "model": "custom_items/cat_palms/cat_palm_stick_purple_advanced_admin"},
        {"predicate": {"custom_model_data": 16413}, "model": "custom_items/cat_palms/cat_palm_stick_red_advanced_admin"},
        {"predicate": {"custom_model_data": 16414}, "model": "custom_items/cat_palms/cat_palm_stick_white_advanced_admin"},
        {"predicate": {"custom_model_data": 16415}, "model": "custom_items/cat_palms/cat_palm_stick_yellow_advanced_admin"},
        {"predicate": {"custom_model_data": 16416}, "model": "custom_items/cat_palms/cat_palm_stick_rainbow_advanced_admin"}
    ]
}
