{
    "parent": "item/handheld",
    "textures": {
        "layer0": "item/stick"
    },
    "overrides": [
        {"predicate": {"custom_model_data": 19002}, "model":"custom_items/decorative_helmets/cat_hat/cat_hat_black"},
        {"predicate": {"custom_model_data": 19003}, "model":"custom_items/decorative_helmets/cat_hat/cat_hat_british_shorthair"},
        {"predicate": {"custom_model_data": 19004}, "model":"custom_items/decorative_helmets/cat_hat/cat_hat_baby_calico"},
        {"predicate": {"custom_model_data": 19005}, "model":"custom_items/decorative_helmets/cat_hat/cat_hat_jellie"},
        {"predicate": {"custom_model_data": 19006}, "model":"custom_items/decorative_helmets/cat_hat/cat_hat_persian"},
        {"predicate": {"custom_model_data": 19007}, "model":"custom_items/decorative_helmets/cat_hat/cat_hat_ragdoll"},
        {"predicate": {"custom_model_data": 19008}, "model":"custom_items/decorative_helmets/cat_hat/cat_hat_red"},
        {"predicate": {"custom_model_data": 19009}, "model":"custom_items/decorative_helmets/cat_hat/cat_hat_siamese"},
        {"predicate": {"custom_model_data": 19010}, "model":"custom_items/decorative_helmets/cat_hat/cat_hat_tabby"},
        {"predicate": {"custom_model_data": 19011}, "model":"custom_items/decorative_helmets/cat_hat/cat_hat_tuxedo"},
        {"predicate": {"custom_model_data": 19012}, "model":"custom_items/decorative_helmets/cat_hat/cat_hat_baby_white"},
        {"predicate": {"custom_model_data": 19013}, "model":"custom_items/decorative_helmets/cat_hat/cat_hat_strawberry"},
        {"predicate": {"custom_model_data": 19014}, "model":"custom_items/decorative_helmets/cat_hat/cat_hat_pudding"},
        {"predicate": {"custom_model_data": 19015}, "model":"custom_items/decorative_helmets/cat_hat/cat_hat_cherry"},
        {"predicate": {"custom_model_data": 19016}, "model":"custom_items/decorative_helmets/cat_hat/cat_hat_firecracker"},
        {"predicate": {"custom_model_data": 19017}, "model":"custom_items/decorative_helmets/cat_hat/cat_hat_rainbow"},
        {"predicate": {"custom_model_data": 19100}, "model":"custom_items/decorative_helmets/cat_ear/cat_ear_black"},

        {"predicate": {"custom_model_data": 19101}, "model":"custom_items/decorative_helmets/cat_ear/cat_ear_blue"},
        {"predicate": {"custom_model_data": 19102}, "model":"custom_items/decorative_helmets/cat_ear/cat_ear_brown"},
        {"predicate": {"custom_model_data": 19103}, "model":"custom_items/decorative_helmets/cat_ear/cat_ear_cyan"},
        {"predicate": {"custom_model_data": 19104}, "model":"custom_items/decorative_helmets/cat_ear/cat_ear_gray"},
        {"predicate": {"custom_model_data": 19105}, "model":"custom_items/decorative_helmets/cat_ear/cat_ear_green"},
        {"predicate": {"custom_model_data": 19106}, "model":"custom_items/decorative_helmets/cat_ear/cat_ear_light_blue"},
        {"predicate": {"custom_model_data": 19107}, "model":"custom_items/decorative_helmets/cat_ear/cat_ear_light_gray"},
        {"predicate": {"custom_model_data": 19108}, "model":"custom_items/decorative_helmets/cat_ear/cat_ear_lime"},
        {"predicate": {"custom_model_data": 19109}, "model":"custom_items/decorative_helmets/cat_ear/cat_ear_magenta"},
        {"predicate": {"custom_model_data": 19110}, "model":"custom_items/decorative_helmets/cat_ear/cat_ear_orange"},
        {"predicate": {"custom_model_data": 19111}, "model":"custom_items/decorative_helmets/cat_ear/cat_ear_pink"},
        {"predicate": {"custom_model_data": 19112}, "model":"custom_items/decorative_helmets/cat_ear/cat_ear_purple"},
        {"predicate": {"custom_model_data": 19113}, "model":"custom_items/decorative_helmets/cat_ear/cat_ear_red"},
        {"predicate": {"custom_model_data": 19114}, "model":"custom_items/decorative_helmets/cat_ear/cat_ear_white"},
        {"predicate": {"custom_model_data": 19115}, "model":"custom_items/decorative_helmets/cat_ear/cat_ear_yellow"},
        {"predicate": {"custom_model_data": 19116}, "model":"custom_items/decorative_helmets/cat_ear/cat_ear_rainbow"},

        {"predicate": {"custom_model_data": 19200}, "model":"custom_items/decorative_helmets/rabbit_ear/rabbit_ear_black"},
        {"predicate": {"custom_model_data": 19201}, "model":"custom_items/decorative_helmets/rabbit_ear/rabbit_ear_blue"},
        {"predicate": {"custom_model_data": 19202}, "model":"custom_items/decorative_helmets/rabbit_ear/rabbit_ear_brown"},
        {"predicate": {"custom_model_data": 19203}, "model":"custom_items/decorative_helmets/rabbit_ear/rabbit_ear_cyan"},
        {"predicate": {"custom_model_data": 19204}, "model":"custom_items/decorative_helmets/rabbit_ear/rabbit_ear_gray"},
        {"predicate": {"custom_model_data": 19205}, "model":"custom_items/decorative_helmets/rabbit_ear/rabbit_ear_green"},
        {"predicate": {"custom_model_data": 19206}, "model":"custom_items/decorative_helmets/rabbit_ear/rabbit_ear_light_blue"},
        {"predicate": {"custom_model_data": 19207}, "model":"custom_items/decorative_helmets/rabbit_ear/rabbit_ear_light_gray"},
        {"predicate": {"custom_model_data": 19208}, "model":"custom_items/decorative_helmets/rabbit_ear/rabbit_ear_lime"},
        {"predicate": {"custom_model_data": 19209}, "model":"custom_items/decorative_helmets/rabbit_ear/rabbit_ear_magenta"},
        {"predicate": {"custom_model_data": 19210}, "model":"custom_items/decorative_helmets/rabbit_ear/rabbit_ear_orange"},
        {"predicate": {"custom_model_data": 19211}, "model":"custom_items/decorative_helmets/rabbit_ear/rabbit_ear_pink"},
        {"predicate": {"custom_model_data": 19212}, "model":"custom_items/decorative_helmets/rabbit_ear/rabbit_ear_purple"},
        {"predicate": {"custom_model_data": 19213}, "model":"custom_items/decorative_helmets/rabbit_ear/rabbit_ear_red"},
        {"predicate": {"custom_model_data": 19214}, "model":"custom_items/decorative_helmets/rabbit_ear/rabbit_ear_white"},
        {"predicate": {"custom_model_data": 19215}, "model":"custom_items/decorative_helmets/rabbit_ear/rabbit_ear_yellow"},
        {"predicate": {"custom_model_data": 19216}, "model":"custom_items/decorative_helmets/rabbit_ear/rabbit_ear_rainbow"},

        {"predicate": {"custom_model_data": 19300}, "model":"custom_items/decorative_helmets/angel_circle/angel_circle_black"},
        {"predicate": {"custom_model_data": 19301}, "model":"custom_items/decorative_helmets/angel_circle/angel_circle_blue"},
        {"predicate": {"custom_model_data": 19302}, "model":"custom_items/decorative_helmets/angel_circle/angel_circle_brown"},
        {"predicate": {"custom_model_data": 19303}, "model":"custom_items/decorative_helmets/angel_circle/angel_circle_cyan"},
        {"predicate": {"custom_model_data": 19304}, "model":"custom_items/decorative_helmets/angel_circle/angel_circle_gray"},
        {"predicate": {"custom_model_data": 19305}, "model":"custom_items/decorative_helmets/angel_circle/angel_circle_green"},
        {"predicate": {"custom_model_data": 19306}, "model":"custom_items/decorative_helmets/angel_circle/angel_circle_light_blue"},
        {"predicate": {"custom_model_data": 19307}, "model":"custom_items/decorative_helmets/angel_circle/angel_circle_light_gray"},
        {"predicate": {"custom_model_data": 19308}, "model":"custom_items/decorative_helmets/angel_circle/angel_circle_lime"},
        {"predicate": {"custom_model_data": 19309}, "model":"custom_items/decorative_helmets/angel_circle/angel_circle_magenta"},
        {"predicate": {"custom_model_data": 19310}, "model":"custom_items/decorative_helmets/angel_circle/angel_circle_orange"},
        {"predicate": {"custom_model_data": 19311}, "model":"custom_items/decorative_helmets/angel_circle/angel_circle_pink"},
        {"predicate": {"custom_model_data": 19312}, "model":"custom_items/decorative_helmets/angel_circle/angel_circle_purple"},
        {"predicate": {"custom_model_data": 19313}, "model":"custom_items/decorative_helmets/angel_circle/angel_circle_red"},
        {"predicate": {"custom_model_data": 19314}, "model":"custom_items/decorative_helmets/angel_circle/angel_circle_white"},
        {"predicate": {"custom_model_data": 19315}, "model":"custom_items/decorative_helmets/angel_circle/angel_circle_yellow"},
        {"predicate": {"custom_model_data": 19316}, "model":"custom_items/decorative_helmets/angel_circle/angel_circle_rainbow"},

        {"predicate": {"custom_model_data": 19400}, "model":"custom_items/decorative_helmets/demon_corner/demon_corner_black"},
        {"predicate": {"custom_model_data": 19401}, "model":"custom_items/decorative_helmets/demon_corner/demon_corner_blue"},
        {"predicate": {"custom_model_data": 19402}, "model":"custom_items/decorative_helmets/demon_corner/demon_corner_brown"},
        {"predicate": {"custom_model_data": 19403}, "model":"custom_items/decorative_helmets/demon_corner/demon_corner_cyan"},
        {"predicate": {"custom_model_data": 19404}, "model":"custom_items/decorative_helmets/demon_corner/demon_corner_gray"},
        {"predicate": {"custom_model_data": 19405}, "model":"custom_items/decorative_helmets/demon_corner/demon_corner_green"},
        {"predicate": {"custom_model_data": 19406}, "model":"custom_items/decorative_helmets/demon_corner/demon_corner_light_blue"},
        {"predicate": {"custom_model_data": 19407}, "model":"custom_items/decorative_helmets/demon_corner/demon_corner_light_gray"},
        {"predicate": {"custom_model_data": 19408}, "model":"custom_items/decorative_helmets/demon_corner/demon_corner_lime"},
        {"predicate": {"custom_model_data": 19409}, "model":"custom_items/decorative_helmets/demon_corner/demon_corner_magenta"},
        {"predicate": {"custom_model_data": 19410}, "model":"custom_items/decorative_helmets/demon_corner/demon_corner_orange"},
        {"predicate": {"custom_model_data": 19411}, "model":"custom_items/decorative_helmets/demon_corner/demon_corner_pink"},
        {"predicate": {"custom_model_data": 19412}, "model":"custom_items/decorative_helmets/demon_corner/demon_corner_purple"},
        {"predicate": {"custom_model_data": 19413}, "model":"custom_items/decorative_helmets/demon_corner/demon_corner_red"},
        {"predicate": {"custom_model_data": 19414}, "model":"custom_items/decorative_helmets/demon_corner/demon_corner_white"},
        {"predicate": {"custom_model_data": 19415}, "model":"custom_items/decorative_helmets/demon_corner/demon_corner_yellow"},
        {"predicate": {"custom_model_data": 19416}, "model":"custom_items/decorative_helmets/demon_corner/demon_corner_rainbow"},

        {"predicate": {"custom_model_data": 19500}, "model":"custom_items/decorative_helmets/deer_horn/deer_horn_black"},
        {"predicate": {"custom_model_data": 19501}, "model":"custom_items/decorative_helmets/deer_horn/deer_horn_blue"},
        {"predicate": {"custom_model_data": 19502}, "model":"custom_items/decorative_helmets/deer_horn/deer_horn_brown"},
        {"predicate": {"custom_model_data": 19503}, "model":"custom_items/decorative_helmets/deer_horn/deer_horn_cyan"},
        {"predicate": {"custom_model_data": 19504}, "model":"custom_items/decorative_helmets/deer_horn/deer_horn_gray"},
        {"predicate": {"custom_model_data": 19505}, "model":"custom_items/decorative_helmets/deer_horn/deer_horn_green"},
        {"predicate": {"custom_model_data": 19506}, "model":"custom_items/decorative_helmets/deer_horn/deer_horn_light_blue"},
        {"predicate": {"custom_model_data": 19507}, "model":"custom_items/decorative_helmets/deer_horn/deer_horn_light_gray"},
        {"predicate": {"custom_model_data": 19508}, "model":"custom_items/decorative_helmets/deer_horn/deer_horn_lime"},
        {"predicate": {"custom_model_data": 19509}, "model":"custom_items/decorative_helmets/deer_horn/deer_horn_magenta"},
        {"predicate": {"custom_model_data": 19510}, "model":"custom_items/decorative_helmets/deer_horn/deer_horn_orange"},
        {"predicate": {"custom_model_data": 19511}, "model":"custom_items/decorative_helmets/deer_horn/deer_horn_pink"},
        {"predicate": {"custom_model_data": 19512}, "model":"custom_items/decorative_helmets/deer_horn/deer_horn_purple"},
        {"predicate": {"custom_model_data": 19513}, "model":"custom_items/decorative_helmets/deer_horn/deer_horn_red"},
        {"predicate": {"custom_model_data": 19514}, "model":"custom_items/decorative_helmets/deer_horn/deer_horn_white"},
        {"predicate": {"custom_model_data": 19515}, "model":"custom_items/decorative_helmets/deer_horn/deer_horn_yellow"},
        {"predicate": {"custom_model_data": 19516}, "model":"custom_items/decorative_helmets/deer_horn/deer_horn_rainbow"},
        
        {"predicate": {"custom_model_data": 19700}, "model":"custom_items/decorative_helmets/headband_headset"},
        {"predicate": {"custom_model_data": 19701}, "model":"custom_items/decorative_helmets/spyglass_rice"}, 
        {"predicate": {"custom_model_data": 19800}, "model":"custom_items/decorative_helmets/christmas_hat"},

        {"predicate": {"custom_model_data": 19901}, "model":"custom_items/decorative_helmets/currency/aether"},
        {"predicate": {"custom_model_data": 19902}, "model":"custom_items/decorative_helmets/currency/paradise_powder"},
        {"predicate": {"custom_model_data": 19903}, "model":"custom_items/decorative_helmets/currency/luminous_crystal"},
        {"predicate": {"custom_model_data": 19904}, "model":"custom_items/decorative_helmets/currency/watercress"},

        {"predicate": {"custom_model_data": 20001}, "model":"custom_items/decorative_helmets/shopgui/page1"},
        {"predicate": {"custom_model_data": 20002}, "model":"custom_items/decorative_helmets/shopgui/page2"},
        {"predicate": {"custom_model_data": 20003}, "model":"custom_items/decorative_helmets/shopgui/reload"},
        {"predicate": {"custom_model_data": 20004}, "model":"custom_items/decorative_helmets/shopgui/back"},
        {"predicate": {"custom_model_data": 20005}, "model":"custom_items/decorative_helmets/shopgui/category"},
        {"predicate": {"custom_model_data": 20006}, "model":"custom_items/decorative_helmets/shopgui/close"},
        {"predicate": {"custom_model_data": 20007}, "model":"custom_items/decorative_helmets/shopgui/info"},
        {"predicate": {"custom_model_data": 20008}, "model":"custom_items/decorative_helmets/shopgui/mail"},
        {"predicate": {"custom_model_data": 20009}, "model":"custom_items/decorative_helmets/shopgui/notice"},
        {"predicate": {"custom_model_data": 20010}, "model":"custom_items/decorative_helmets/shopgui/shop"},
        {"predicate": {"custom_model_data": 20011}, "model":"custom_items/decorative_helmets/shopgui/shop2"},
        {"predicate": {"custom_model_data": 20012}, "model":"custom_items/decorative_helmets/shopgui/confirm1"},
        {"predicate": {"custom_model_data": 20013}, "model":"custom_items/decorative_helmets/shopgui/confirm2"},
        {"predicate": {"custom_model_data": 20014}, "model":"custom_items/decorative_helmets/shopgui/close2"},
        {"predicate": {"custom_model_data": 20015}, "model":"custom_items/decorative_helmets/shopgui/shop3"},
        {"predicate": {"custom_model_data": 20016}, "model":"custom_items/decorative_helmets/shopgui/shop4"},
        {"predicate": {"custom_model_data": 20017}, "model":"custom_items/decorative_helmets/shopgui/add"},
        {"predicate": {"custom_model_data": 20018}, "model":"custom_items/decorative_helmets/shopgui/remove"},
        {"predicate": {"custom_model_data": 20019}, "model":"custom_items/decorative_helmets/shopgui/plus_10"},
        {"predicate": {"custom_model_data": 20020}, "model":"custom_items/decorative_helmets/shopgui/plus_100"},
        {"predicate": {"custom_model_data": 20021}, "model":"custom_items/decorative_helmets/shopgui/plus_1000"},
        {"predicate": {"custom_model_data": 20022}, "model":"custom_items/decorative_helmets/shopgui/minus_10"},
        {"predicate": {"custom_model_data": 20023}, "model":"custom_items/decorative_helmets/shopgui/minus_100"},
        {"predicate": {"custom_model_data": 20024}, "model":"custom_items/decorative_helmets/shopgui/minus_1000"},
        {"predicate": {"custom_model_data": 20025}, "model":"custom_items/decorative_helmets/shopgui/sell"},
        {"predicate": {"custom_model_data": 20026}, "model":"custom_items/decorative_helmets/shopgui/buy"},
        {"predicate": {"custom_model_data": 20027}, "model":"custom_items/decorative_helmets/shopgui/bid"},
        {"predicate": {"custom_model_data": 20028}, "model":"custom_items/decorative_helmets/shopgui/shop5"},
        {"predicate": {"custom_model_data": 20029}, "model":"custom_items/decorative_helmets/shopgui/shop6"},
        {"predicate": {"custom_model_data": 20030}, "model":"custom_items/decorative_helmets/shopgui/shop7"},
        {"predicate": {"custom_model_data": 20031}, "model":"custom_items/decorative_helmets/shopgui/shop8"},
        {"predicate": {"custom_model_data": 20032}, "model":"custom_items/decorative_helmets/shopgui/mail2"},
        {"predicate": {"custom_model_data": 20033}, "model":"custom_items/decorative_helmets/shopgui/mail3"},
        {"predicate": {"custom_model_data": 20034}, "model":"custom_items/decorative_helmets/shopgui/epual"},
        {"predicate": {"custom_model_data": 20035}, "model":"custom_items/decorative_helmets/shopgui/percentage_full"},

        {"predicate": {"custom_model_data": 30001}, "model":"custom_items/decorative_helmets/brilliant/purifier"},
        {"predicate": {"custom_model_data": 30002}, "model":"custom_items/decorative_helmets/brilliant/teleport_scroll"}
    ]
}
