{
    "credit": "xuancat0208",
    "texture_size": [32, 32],
    "textures": {
        "0": "item/custom/decorative_helmets/headband_headset",
        "particle": "item/custom/decorative_helmets/headband_headset"
    },
    "elements": [
        {
            "from": [3, 0, 6],
            "to": [5, 4, 10],
            "faces": {
                "north": {"uv": [6, 5.5, 7, 7.5], "texture": "#0"},
                "east": {"uv": [4, 5.5, 6, 7.5], "texture": "#0"},
                "south": {"uv": [9, 5.5, 10, 7.5], "texture": "#0"},
                "west": {"uv": [7, 5.5, 9, 7.5], "texture": "#0"},
                "up": {"uv": [7, 5.5, 6, 3.5], "texture": "#0"},
                "down": {"uv": [8, 3.5, 7, 5.5], "texture": "#0"}
            }
        },
        {
            "from": [4, 4, 7],
            "to": [5, 6, 9],
            "faces": {
                "north": {"uv": [1, 6.5, 1.5, 7.5], "texture": "#0"},
                "east": {"uv": [0, 6.5, 1, 7.5], "texture": "#0"},
                "south": {"uv": [2.5, 6.5, 3, 7.5], "texture": "#0"},
                "west": {"uv": [1.5, 6.5, 2.5, 7.5], "texture": "#0"},
                "up": {"uv": [1.5, 6.5, 1, 5.5], "texture": "#0"},
                "down": {"uv": [2, 5.5, 1.5, 6.5], "texture": "#0"}
            }
        },
        {
            "from": [11, 0, 6],
            "to": [13, 4, 10],
            "faces": {
                "north": {"uv": [2, 3.5, 3, 5.5], "texture": "#0"},
                "east": {"uv": [0, 3.5, 2, 5.5], "texture": "#0"},
                "south": {"uv": [5, 3.5, 6, 5.5], "texture": "#0"},
                "west": {"uv": [3, 3.5, 5, 5.5], "texture": "#0"},
                "up": {"uv": [3, 3.5, 2, 1.5], "texture": "#0"},
                "down": {"uv": [4, 1.5, 3, 3.5], "texture": "#0"}
            }
        },
        {
            "from": [11, 4, 7],
            "to": [12, 6, 9],
            "faces": {
                "north": {"uv": [5, 2.5, 5.5, 3.5], "texture": "#0"},
                "east": {"uv": [4, 2.5, 5, 3.5], "texture": "#0"},
                "south": {"uv": [6.5, 2.5, 7, 3.5], "texture": "#0"},
                "west": {"uv": [5.5, 2.5, 6.5, 3.5], "texture": "#0"},
                "up": {"uv": [5.5, 2.5, 5, 1.5], "texture": "#0"},
                "down": {"uv": [6, 1.5, 5.5, 2.5], "texture": "#0"}
            }
        },
        {
            "from": [5, 5, 7],
            "to": [11, 6, 9],
            "faces": {
                "north": {"uv": [1, 1, 4.5, 1.5], "texture": "#0"},
                "east": {"uv": [0, 1, 1, 1.5], "texture": "#0"},
                "south": {"uv": [5.5, 1, 9, 1.5], "texture": "#0"},
                "west": {"uv": [4.5, 1, 5.5, 1.5], "texture": "#0"},
                "up": {"uv": [4.5, 1, 1, 0], "texture": "#0"},
                "down": {"uv": [8, 0, 4.5, 1], "texture": "#0"}
            }
        }
    ],
    "gui_light": "front",
    "display": {
        "thirdperson_righthand": {
            "rotation": [0, 113, 0],
            "translation": [-0.75, 3.5, 1.75],
            "scale": [0.5, 0.5, 0.5]
        },
        "thirdperson_lefthand": {
            "rotation": [0, 113, 0],
            "translation": [-0.75, 3.5, 1.75],
            "scale": [0.5, 0.5, 0.5]
        },
        "firstperson_righthand": {
            "rotation": [0, -154, -10],
            "translation": [3, 3.25, 0]
        },
        "firstperson_lefthand": {
            "rotation": [0, -154, -10],
            "translation": [3, 3.25, 0]
        },
        "ground": {
            "translation": [0, 4.75, 0],
            "scale": [0.6, 0.6, 0.6]
        },
        "gui": {
            "rotation": [0, -180, 0],
            "translation": [0, 7.5, 0],
            "scale": [1.2, 1.2, 1.2]
        },
        "head": {
            "translation": [0, 11.25, 0],
            "scale": [1.9, 1.9, 1.9]
        },
        "fixed": {
            "translation": [0, 8.5, -1.75],
            "scale": [1.4, 1.4, 1.4]
        }
    }
}