{
	"credit": "飯娘望遠鏡",
	"texture_size": [64, 64],
	"textures": {
		"1": "item/custom/decorative_helmets/spyglass_rice",
		"particle": "item/custom/decorative_helmets/spyglass_rice"
	},
	"elements": [
		{
			"from": [6.5, 0.325, -0.75],
			"to": [10.75, 4, 1],
			"faces": {
				"north": {"uv": [10.5, 8.75, 11.5, 9.75], "texture": "#1"},
				"east": {"uv": [5, 11.25, 5.5, 12.25], "texture": "#1"},
				"south": {"uv": [10.5, 9.75, 11.5, 10.75], "texture": "#1"},
				"west": {"uv": [11.25, 5, 11.75, 6], "texture": "#1"},
				"up": {"uv": [12.25, 1, 11.25, 0.5], "texture": "#1"},
				"down": {"uv": [12.25, 2.75, 11.25, 3.25], "texture": "#1"}
			}
		},
		{
			"from": [6.3, 0, 0],
			"to": [11.05, 4.25, 2],
			"faces": {
				"north": {"uv": [9.75, 6.5, 11, 7.5], "texture": "#1"},
				"east": {"uv": [11.25, 4, 11.75, 5], "texture": "#1"},
				"south": {"uv": [10, 0, 11.25, 1], "texture": "#1"},
				"west": {"uv": [4.5, 11.25, 5, 12.25], "texture": "#1"},
				"up": {"uv": [8.25, 2.5, 7, 2], "texture": "#1"},
				"down": {"uv": [12.5, 0, 11.25, 0.5], "texture": "#1"}
			}
		},
		{
			"from": [6.1, -0.3, 0.3],
			"to": [11.2, 4.5, 16],
			"faces": {
				"north": {"uv": [9.25, 8.75, 10.5, 10], "texture": "#1"},
				"east": {"uv": [0, 0, 4, 1.25], "texture": "#1"},
				"south": {"uv": [0.75, 9.5, 2, 10.75], "texture": "#1"},
				"west": {"uv": [0, 1.25, 4, 2.5], "texture": "#1"},
				"up": {"uv": [1.25, 6.5, 0, 2.5], "texture": "#1"},
				"down": {"uv": [2.5, 2.5, 1.25, 6.5], "texture": "#1"}
			}
		},
		{
			"from": [5.8, -0.625, 1],
			"to": [11.45, 4.775, 4.425],
			"faces": {
				"north": {"uv": [7.75, 9, 9.25, 10.25], "texture": "#1"},
				"east": {"uv": [4, 10, 5, 11.25], "texture": "#1"},
				"south": {"uv": [9.25, 7.5, 10.75, 8.75], "texture": "#1"},
				"west": {"uv": [5, 10, 6, 11.25], "texture": "#1"},
				"up": {"uv": [10.25, 4, 8.75, 3], "texture": "#1"},
				"down": {"uv": [11.25, 5.5, 9.75, 6.5], "texture": "#1"}
			}
		},
		{
			"from": [5.5, -0.9, 3],
			"to": [11.775, 5, 5],
			"faces": {
				"north": {"uv": [7.75, 7.5, 9.25, 9], "texture": "#1"},
				"east": {"uv": [5.5, 8.5, 6, 10], "texture": "#1"},
				"south": {"uv": [8.5, 0, 10, 1.5], "texture": "#1"},
				"west": {"uv": [6, 10.75, 6.5, 12.25], "texture": "#1"},
				"up": {"uv": [5.5, 2.5, 4, 2], "texture": "#1"},
				"down": {"uv": [7, 2, 5.5, 2.5], "texture": "#1"}
			}
		},
		{
			"from": [5.7, -0.65, 10],
			"to": [11.6, 4.925, 13.25],
			"faces": {
				"north": {"uv": [4, 8.5, 5.5, 10], "texture": "#1"},
				"east": {"uv": [1.75, 6.5, 2.5, 8], "texture": "#1"},
				"south": {"uv": [8.75, 1.5, 10.25, 3], "texture": "#1"},
				"west": {"uv": [1.75, 8, 2.5, 9.5], "texture": "#1"},
				"up": {"uv": [11.75, 4, 10.25, 3.25], "texture": "#1"},
				"down": {"uv": [9.25, 10.25, 7.75, 11], "texture": "#1"}
			}
		},
		{
			"from": [6.6, 0.15, 7],
			"to": [10.6, 4.075, 24.575],
			"faces": {
				"north": {"uv": [3, 10.25, 4, 11.25], "texture": "#1"},
				"east": {"uv": [4, 0, 8.5, 1], "texture": "#1"},
				"south": {"uv": [6.75, 10.5, 7.75, 11.5], "texture": "#1"},
				"west": {"uv": [4, 1, 8.5, 2], "texture": "#1"},
				"up": {"uv": [5, 8.5, 4, 4], "texture": "#1"},
				"down": {"uv": [6, 4, 5, 8.5], "texture": "#1"}
			}
		},
		{
			"from": [6.9, 0.425, 2],
			"to": [10.275, 3.825, 27],
			"faces": {
				"north": {"uv": [9.75, 11, 10.5, 11.75], "texture": "#1"},
				"east": {"uv": [2.5, 2.5, 8.75, 3.25], "texture": "#1"},
				"south": {"uv": [11.25, 2, 12, 2.75], "texture": "#1"},
				"west": {"uv": [2.5, 3.25, 8.75, 4], "texture": "#1"},
				"up": {"uv": [3.25, 10.25, 2.5, 4], "texture": "#1"},
				"down": {"uv": [4, 4, 3.25, 10.25], "texture": "#1"}
			}
		},
		{
			"from": [7.05, 0.7, 6.75],
			"to": [10.1, 3.55, 27.375],
			"faces": {
				"north": {"uv": [3, 11.25, 3.75, 12], "texture": "#1"},
				"east": {"uv": [6, 4, 11.25, 4.75], "texture": "#1"},
				"south": {"uv": [3.75, 11.25, 4.5, 12], "texture": "#1"},
				"west": {"uv": [6, 4.75, 11.25, 5.5], "texture": "#1"},
				"up": {"uv": [6.75, 10.75, 6, 5.5], "texture": "#1"},
				"down": {"uv": [0.75, 6.5, 0, 11.75], "texture": "#1"}
			}
		},
		{
			"from": [8.3, 6.525, 10],
			"to": [8.775, 7.025, 14],
			"faces": {
				"north": {"uv": [4.25, 12, 4.5, 12.25], "texture": "#1"},
				"east": {"uv": [10.75, 8.5, 11.75, 8.75], "texture": "#1"},
				"south": {"uv": [12, 5, 12.25, 5.25], "texture": "#1"},
				"west": {"uv": [11.5, 8.75, 12.5, 9], "texture": "#1"},
				"up": {"uv": [8.75, 2.5, 8.5, 1.5], "texture": "#1"},
				"down": {"uv": [2.75, 11.5, 2.5, 12.5], "texture": "#1"}
			}
		},
		{
			"from": [8.05, 4, 11.15],
			"to": [9.05, 7, 12.15],
			"faces": {
				"north": {"uv": [2, 9.5, 2.25, 10.25], "texture": "#1"},
				"east": {"uv": [2.25, 9.5, 2.5, 10.25], "texture": "#1"},
				"south": {"uv": [0, 11.75, 0.25, 12.5], "texture": "#1"},
				"west": {"uv": [0.25, 11.75, 0.5, 12.5], "texture": "#1"},
				"up": {"uv": [12.25, 5.5, 12, 5.25], "texture": "#1"},
				"down": {"uv": [12.25, 5.5, 12, 5.75], "texture": "#1"}
			}
		},
		{
			"from": [8.2, 0, 11.375],
			"to": [8.875, 7.525, 11.975],
			"faces": {
				"north": {"uv": [1.75, 10.75, 2, 12.75], "texture": "#1"},
				"east": {"uv": [6.5, 10.75, 6.75, 12.75], "texture": "#1"},
				"south": {"uv": [5.5, 11.25, 5.75, 13.25], "texture": "#1"},
				"west": {"uv": [5.75, 11.25, 6, 13.25], "texture": "#1"},
				"up": {"uv": [12.25, 7, 12, 6.75], "texture": "#1"},
				"down": {"uv": [7.25, 12, 7, 12.25], "texture": "#1"}
			}
		},
		{
			"from": [8.1, 7.3, 11.25],
			"to": [9, 8, 12.1],
			"faces": {
				"north": {"uv": [12, 7, 12.25, 7.25], "texture": "#1"},
				"east": {"uv": [7.25, 12, 7.5, 12.25], "texture": "#1"},
				"south": {"uv": [12, 7.25, 12.25, 7.5], "texture": "#1"},
				"west": {"uv": [7.5, 12, 7.75, 12.25], "texture": "#1"},
				"up": {"uv": [12.25, 7.75, 12, 7.5], "texture": "#1"},
				"down": {"uv": [8, 12, 7.75, 12.25], "texture": "#1"}
			}
		},
		{
			"from": [7.92, 2, 11],
			"to": [9.22, 6, 12.3],
			"faces": {
				"north": {"uv": [2.75, 11.5, 3, 12.5], "texture": "#1"},
				"east": {"uv": [11.5, 9, 11.75, 10], "texture": "#1"},
				"south": {"uv": [11.5, 10, 11.75, 11], "texture": "#1"},
				"west": {"uv": [11.5, 11, 11.75, 12], "texture": "#1"},
				"up": {"uv": [12.25, 8, 12, 7.75], "texture": "#1"},
				"down": {"uv": [8.25, 12, 8, 12.25], "texture": "#1"}
			}
		},
		{
			"from": [6.6, 0, 2],
			"to": [10.6, 4, 4],
			"faces": {
				"north": {"uv": [0.75, 10.75, 1.75, 11.75], "texture": "#1"},
				"east": {"uv": [11.5, 1, 12, 2], "texture": "#1"},
				"south": {"uv": [10.75, 7.5, 11.75, 8.5], "texture": "#1"},
				"west": {"uv": [2, 11.5, 2.5, 12.5], "texture": "#1"},
				"up": {"uv": [12.25, 6.5, 11.25, 6], "texture": "#1"},
				"down": {"uv": [7.75, 11.5, 6.75, 12], "texture": "#1"}
			}
		},
		{
			"from": [6.5, 0, 6],
			"to": [10.5, 4, 11],
			"faces": {
				"north": {"uv": [10.5, 10.75, 11.5, 11.75], "texture": "#1"},
				"east": {"uv": [9.25, 10, 10.5, 11], "texture": "#1"},
				"south": {"uv": [11, 6.5, 12, 7.5], "texture": "#1"},
				"west": {"uv": [10.25, 1, 11.5, 2], "texture": "#1"},
				"up": {"uv": [3, 11.5, 2, 10.25], "texture": "#1"},
				"down": {"uv": [11.25, 2, 10.25, 3.25], "texture": "#1"}
			}
		},
		{
			"from": [6.6, 0, 4],
			"to": [10.6, 4, 16],
			"faces": {
				"north": {"uv": [7.75, 11, 8.75, 12], "texture": "#1"},
				"east": {"uv": [6.75, 5.5, 9.75, 6.5], "texture": "#1"},
				"south": {"uv": [8.75, 11, 9.75, 12], "texture": "#1"},
				"west": {"uv": [6.75, 6.5, 9.75, 7.5], "texture": "#1"},
				"up": {"uv": [1.75, 9.5, 0.75, 6.5], "texture": "#1"},
				"down": {"uv": [7.75, 7.5, 6.75, 10.5], "texture": "#1"}
			}
		},
		{
			"from": [6.95, 7.975, 9.085],
			"to": [7.475, 8.425, 10.685],
			"rotation": {"angle": 22.5, "axis": "y", "origin": [9.625, 7.975, 9.75]},
			"faces": {
				"north": {"uv": [12, 8, 12.25, 8.25], "texture": "#1"},
				"east": {"uv": [11.75, 9.25, 12.25, 9.5], "texture": "#1"},
				"south": {"uv": [8.25, 12, 8.5, 12.25], "texture": "#1"},
				"west": {"uv": [11.75, 9.5, 12.25, 9.75], "texture": "#1"},
				"up": {"uv": [8.5, 2.5, 8.25, 2], "texture": "#1"},
				"down": {"uv": [10.25, 1, 10, 1.5], "texture": "#1"}
			}
		},
		{
			"from": [7.47911, 7.975, 10.65019],
			"to": [9.12, 8.425, 11.155],
			"rotation": {"angle": -22.5, "axis": "y", "origin": [9.625, 7.975, 9.75]},
			"faces": {
				"north": {"uv": [9.75, 11.75, 10.25, 12], "texture": "#1"},
				"east": {"uv": [8.5, 12, 8.75, 12.25], "texture": "#1"},
				"south": {"uv": [11.75, 9.75, 12.25, 10], "texture": "#1"},
				"west": {"uv": [8.75, 12, 9, 12.25], "texture": "#1"},
				"up": {"uv": [12.25, 10.25, 11.75, 10], "texture": "#1"},
				"down": {"uv": [10.75, 11.75, 10.25, 12], "texture": "#1"}
			}
		},
		{
			"from": [9.03, 7.975, 12.225],
			"to": [10.605, 8.425, 12.75],
			"rotation": {"angle": 0, "axis": "y", "origin": [9.625, 7.975, 9.75]},
			"faces": {
				"north": {"uv": [11.75, 10.25, 12.25, 10.5], "texture": "#1"},
				"east": {"uv": [9, 12, 9.25, 12.25], "texture": "#1"},
				"south": {"uv": [11.75, 10.5, 12.25, 10.75], "texture": "#1"},
				"west": {"uv": [9.25, 12, 9.5, 12.25], "texture": "#1"},
				"up": {"uv": [11.25, 12, 10.75, 11.75], "texture": "#1"},
				"down": {"uv": [12.25, 10.75, 11.75, 11], "texture": "#1"}
			}
		},
		{
			"from": [10.705, 7.975, 10.535],
			"to": [12.125, 8.425, 11.06],
			"rotation": {"angle": -45, "axis": "y", "origin": [9.625, 7.975, 9.75]},
			"faces": {
				"north": {"uv": [9.5, 12, 9.75, 12.25], "texture": "#1"},
				"east": {"uv": [9.75, 12, 10, 12.25], "texture": "#1"},
				"south": {"uv": [10, 12, 10.25, 12.25], "texture": "#1"},
				"west": {"uv": [10.25, 12, 10.5, 12.25], "texture": "#1"},
				"up": {"uv": [10.75, 12.25, 10.5, 12], "texture": "#1"},
				"down": {"uv": [11, 12, 10.75, 12.25], "texture": "#1"}
			}
		},
		{
			"from": [8.27, 7.975, 9.95155],
			"to": [10.08422, 8.425, 10.39232],
			"rotation": {"angle": 22.5, "axis": "y", "origin": [9.625, 7.975, 9.75]},
			"faces": {
				"north": {"uv": [11.75, 11, 12.25, 11.25], "texture": "#1"},
				"east": {"uv": [11, 12, 11.25, 12.25], "texture": "#1"},
				"south": {"uv": [11.75, 11.25, 12.25, 11.5], "texture": "#1"},
				"west": {"uv": [11.5, 12, 11.75, 12.25], "texture": "#1"},
				"up": {"uv": [12.25, 11.75, 11.75, 11.5], "texture": "#1"},
				"down": {"uv": [12.25, 11.75, 11.75, 12], "texture": "#1"}
			}
		},
		{
			"from": [10.12612, 7.975, 9.75914],
			"to": [10.55417, 8.425, 11.375],
			"rotation": {"angle": -22.5, "axis": "y", "origin": [9.625, 7.975, 9.75]},
			"faces": {
				"north": {"uv": [11.75, 12, 12, 12.25], "texture": "#1"},
				"east": {"uv": [12, 1, 12.5, 1.25], "texture": "#1"},
				"south": {"uv": [12, 12, 12.25, 12.25], "texture": "#1"},
				"west": {"uv": [12, 1.25, 12.5, 1.5], "texture": "#1"},
				"up": {"uv": [11.5, 12.25, 11.25, 11.75], "texture": "#1"},
				"down": {"uv": [12.25, 1.5, 12, 2], "texture": "#1"}
			}
		},
		{
			"from": [10.00112, 7.975, 12.27],
			"to": [10.52612, 8.425, 13.695],
			"rotation": {"angle": -22.5, "axis": "y", "origin": [9.625, 7.975, 9.75]},
			"faces": {
				"north": {"uv": [12.25, 0.5, 12.5, 0.75], "texture": "#1"},
				"east": {"uv": [12.25, 0.75, 12.5, 1], "texture": "#1"},
				"south": {"uv": [12.25, 1.5, 12.5, 1.75], "texture": "#1"},
				"west": {"uv": [12.25, 1.75, 12.5, 2], "texture": "#1"},
				"up": {"uv": [12.5, 3, 12.25, 2.75], "texture": "#1"},
				"down": {"uv": [3.25, 12.25, 3, 12.5], "texture": "#1"}
			}
		},
		{
			"from": [8.1, 7.975, 12.35098],
			"to": [8.625, 8.425, 13.77598],
			"rotation": {"angle": 22.5, "axis": "y", "origin": [8.17095, 8.2, 13.06348]},
			"faces": {
				"north": {"uv": [12.25, 3, 12.5, 3.25], "texture": "#1"},
				"east": {"uv": [3.25, 12.25, 3.5, 12.5], "texture": "#1"},
				"south": {"uv": [3.5, 12.25, 3.75, 12.5], "texture": "#1"},
				"west": {"uv": [3.75, 12.25, 4, 12.5], "texture": "#1"},
				"up": {"uv": [12.5, 4.25, 12.25, 4], "texture": "#1"},
				"down": {"uv": [4.5, 12.25, 4.25, 12.5], "texture": "#1"}
			}
		},
		{
			"from": [6.7, 7.975, 12.225],
			"to": [8.325, 8.425, 12.75],
			"rotation": {"angle": 0, "axis": "y", "origin": [9.625, 7.975, 9.75]},
			"faces": {
				"north": {"uv": [12, 2, 12.5, 2.25], "texture": "#1"},
				"east": {"uv": [12.25, 4.25, 12.5, 4.5], "texture": "#1"},
				"south": {"uv": [12, 2.25, 12.5, 2.5], "texture": "#1"},
				"west": {"uv": [4.5, 12.25, 4.75, 12.5], "texture": "#1"},
				"up": {"uv": [12.5, 2.75, 12, 2.5], "texture": "#1"},
				"down": {"uv": [3.5, 12, 3, 12.25], "texture": "#1"}
			}
		},
		{
			"from": [9.155, 7.975, 12.093],
			"to": [9.68, 8.425, 13.623],
			"rotation": {"angle": -45, "axis": "y", "origin": [9.625, 7.975, 9.75]},
			"faces": {
				"north": {"uv": [4.75, 12.25, 5, 12.5], "texture": "#1"},
				"east": {"uv": [3.5, 12, 4, 12.25], "texture": "#1"},
				"south": {"uv": [5, 12.25, 5.25, 12.5], "texture": "#1"},
				"west": {"uv": [12, 3.75, 12.5, 4], "texture": "#1"},
				"up": {"uv": [4.25, 12.5, 4, 12], "texture": "#1"},
				"down": {"uv": [12.25, 4, 12, 4.5], "texture": "#1"}
			}
		},
		{
			"from": [8.385, 7.975, 13.225],
			"to": [8.94, 8.425, 13.75],
			"rotation": {"angle": 0, "axis": "y", "origin": [8.17095, 8.2, 13.06348]},
			"faces": {
				"north": {"uv": [12.25, 11, 12.5, 11.25], "texture": "#1"},
				"east": {"uv": [12.25, 10.75, 12.5, 11], "texture": "#1"},
				"south": {"uv": [12.25, 10.5, 12.5, 10.75], "texture": "#1"},
				"west": {"uv": [12.25, 10.25, 12.5, 10.5], "texture": "#1"},
				"up": {"uv": [12.5, 10, 12.25, 9.75], "texture": "#1"},
				"down": {"uv": [12.5, 10, 12.25, 10.25], "texture": "#1"}
			}
		},
		{
			"from": [10.76154, 7.975, 10.19884],
			"to": [11.09583, 8.425, 10.8422],
			"rotation": {"angle": -45, "axis": "y", "origin": [8.54749, 8.2, 11.20362]},
			"faces": {
				"north": {"uv": [13.25, 11, 13.5, 11.25], "texture": "#1"},
				"east": {"uv": [13.25, 10.75, 13.5, 11], "texture": "#1"},
				"south": {"uv": [13.25, 10.5, 13.5, 10.75], "texture": "#1"},
				"west": {"uv": [13.25, 10.25, 13.5, 10.5], "texture": "#1"},
				"up": {"uv": [13.25, 10, 13.5, 10.25], "texture": "#1"},
				"down": {"uv": [13.25, 9.75, 13.5, 10], "texture": "#1"}
			}
		},
		{
			"from": [6.96069, 7.975, 9.81848],
			"to": [7.48372, 8.425, 10.13509],
			"rotation": {"angle": -45, "axis": "y", "origin": [3.93539, 8.2, 10.49651]},
			"faces": {
				"north": {"uv": [12.75, 11, 13, 11.25], "texture": "#1"},
				"east": {"uv": [12.75, 10.75, 13, 11], "texture": "#1"},
				"south": {"uv": [12.75, 10.5, 13, 10.75], "texture": "#1"},
				"west": {"uv": [12.75, 10.25, 13, 10.5], "texture": "#1"},
				"up": {"uv": [13, 10, 13.25, 10.25], "texture": "#1"},
				"down": {"uv": [13, 10, 12.75, 10.25], "texture": "#1"}
			}
		},
		{
			"from": [7.9255, 7.975, 9.223],
			"to": [8.4255, 8.425, 9.78703],
			"rotation": {"angle": -45, "axis": "y", "origin": [8.37716, 8.2, 12.14845]},
			"faces": {
				"north": {"uv": [13, 11, 13.25, 11.25], "texture": "#1"},
				"east": {"uv": [13, 10.75, 13.25, 11], "texture": "#1"},
				"south": {"uv": [13, 10.5, 13.25, 10.75], "texture": "#1"},
				"west": {"uv": [13, 10.25, 13.25, 10.5], "texture": "#1"},
				"up": {"uv": [13, 10, 13.25, 9.75], "texture": "#1"},
				"down": {"uv": [13, 10, 13.25, 10.25], "texture": "#1"}
			}
		},
		{
			"from": [5.9255, 7.975, 11.223],
			"to": [6.4255, 8.425, 11.78703],
			"rotation": {"angle": -45, "axis": "y", "origin": [8.37716, 8.2, 12.14845]},
			"faces": {
				"north": {"uv": [12.75, 11, 13, 11.25], "texture": "#1"},
				"east": {"uv": [12.75, 10.75, 13, 11], "texture": "#1"},
				"south": {"uv": [12.75, 10.5, 13, 10.75], "texture": "#1"},
				"west": {"uv": [12.75, 10.25, 13, 10.5], "texture": "#1"},
				"up": {"uv": [12.75, 10, 13, 9.75], "texture": "#1"},
				"down": {"uv": [12.75, 10, 13, 10.25], "texture": "#1"}
			}
		},
		{
			"from": [8.45027, 8, 10.45474],
			"to": [10, 8.15, 11.75474],
			"faces": {
				"north": {"uv": [6, 12.25, 6.25, 12.5], "texture": "#1"},
				"east": {"uv": [12.25, 6, 12.5, 6.25], "texture": "#1"},
				"south": {"uv": [6.25, 12.25, 6.5, 12.5], "texture": "#1"},
				"west": {"uv": [12.25, 6.25, 12.5, 6.5], "texture": "#1"},
				"up": {"uv": [12.5, 6.75, 12.25, 6.5], "texture": "#1"},
				"down": {"uv": [7, 12.25, 6.75, 12.5], "texture": "#1"}
			}
		},
		{
			"from": [9.65, 8, 10.25],
			"to": [10, 8.15, 10.6],
			"faces": {
				"north": {"uv": [6, 12.25, 6.25, 12.5], "texture": "#1"},
				"east": {"uv": [12.25, 6, 12.5, 6.25], "texture": "#1"},
				"south": {"uv": [6.25, 12.25, 6.5, 12.5], "texture": "#1"},
				"west": {"uv": [12.25, 6.25, 12.5, 6.5], "texture": "#1"},
				"up": {"uv": [12.5, 6.75, 12.25, 6.5], "texture": "#1"},
				"down": {"uv": [7, 12.25, 6.75, 12.5], "texture": "#1"}
			}
		},
		{
			"from": [6.965, 8, 11.75],
			"to": [9.215, 8.15, 12.3],
			"faces": {
				"north": {"uv": [12.25, 6.75, 12.5, 7], "texture": "#1"},
				"east": {"uv": [7, 12.25, 7.25, 12.5], "texture": "#1"},
				"south": {"uv": [12.25, 7, 12.5, 7.25], "texture": "#1"},
				"west": {"uv": [7.25, 12.25, 7.5, 12.5], "texture": "#1"},
				"up": {"uv": [12.5, 7.5, 12.25, 7.25], "texture": "#1"},
				"down": {"uv": [7.75, 12.25, 7.5, 12.5], "texture": "#1"}
			}
		},
		{
			"from": [8.25, 8, 11.685],
			"to": [10.35, 8.15, 12.335],
			"faces": {
				"north": {"uv": [12.25, 7.5, 12.5, 7.75], "texture": "#1"},
				"east": {"uv": [7.75, 12.25, 8, 12.5], "texture": "#1"},
				"south": {"uv": [12.25, 7.75, 12.5, 8], "texture": "#1"},
				"west": {"uv": [8, 12.25, 8.25, 12.5], "texture": "#1"},
				"up": {"uv": [12.5, 8.25, 12.25, 8], "texture": "#1"},
				"down": {"uv": [8.5, 12.25, 8.25, 12.5], "texture": "#1"}
			}
		},
		{
			"from": [7.45, 8, 10.38842],
			"to": [8.81395, 8.15, 10.95],
			"faces": {
				"north": {"uv": [8.5, 12.25, 8.75, 12.5], "texture": "#1"},
				"east": {"uv": [8.75, 12.25, 9, 12.5], "texture": "#1"},
				"south": {"uv": [9, 12.25, 9.25, 12.5], "texture": "#1"},
				"west": {"uv": [9.25, 12.25, 9.5, 12.5], "texture": "#1"},
				"up": {"uv": [12.5, 9.5, 12.25, 9.25], "texture": "#1"},
				"down": {"uv": [9.75, 12.25, 9.5, 12.5], "texture": "#1"}
			}
		},
		{
			"from": [7.45, 8, 10.95],
			"to": [10, 8.15, 11.775],
			"faces": {
				"north": {"uv": [11.75, 5.75, 12.5, 6], "texture": "#1"},
				"east": {"uv": [12.25, 9.5, 12.5, 9.75], "texture": "#1"},
				"south": {"uv": [11.75, 8.25, 12.5, 8.5], "texture": "#1"},
				"west": {"uv": [9.75, 12.25, 10, 12.5], "texture": "#1"},
				"up": {"uv": [12.5, 8.75, 11.75, 8.5], "texture": "#1"},
				"down": {"uv": [12.5, 9, 11.75, 9.25], "texture": "#1"}
			}
		},
		{
			"from": [8.25, 8, 11.025],
			"to": [9, 8.15, 13.425],
			"faces": {
				"north": {"uv": [12.25, 5, 12.5, 5.25], "texture": "#1"},
				"east": {"uv": [11.75, 3.25, 12.5, 3.5], "texture": "#1"},
				"south": {"uv": [5.25, 12.25, 5.5, 12.5], "texture": "#1"},
				"west": {"uv": [11.75, 3.5, 12.5, 3.75], "texture": "#1"},
				"up": {"uv": [1.75, 12.5, 1.5, 11.75], "texture": "#1"},
				"down": {"uv": [12, 3.75, 11.75, 4.5], "texture": "#1"}
			}
		}
	],
	"gui_light": "front",
	"display": {
		"thirdperson_righthand": {
			"rotation": [91.5, 0, 0],
			"translation": [-0.5, 2.5, 2.75],
			"scale": [0.4, 0.4, 0.4]
		},
		"thirdperson_lefthand": {
			"rotation": [-16, -40, 180],
			"translation": [-3.5, -11.5, 5.25],
			"scale": [0.7, 0.7, 0.7]
		},
		"firstperson_righthand": {
			"translation": [0, 5, 0]
		},
		"firstperson_lefthand": {
			"translation": [0, 5, 0]
		},
		"ground": {
			"rotation": [5, 0, 0],
			"translation": [-0.25, 1, -2],
			"scale": [0.4, 0.4, 0.4]
		},
		"gui": {
			"rotation": [138.67, 39, -137],
			"translation": [0.25, 4.5, 0],
			"scale": [0.6, 0.6, 0.6]
		},
		"head": {
			"translation": [-0.25, 7.5, -2.75],
			"scale": [0.45, 0.45, 0.45]
		},
		"fixed": {
			"rotation": [90.21, 55.42, -88.03],
			"translation": [-0.75, 6, 0],
			"scale": [0.8, 0.8, 0.8]
		}
	},
	"groups": [
		{
			"name": "group2",
			"origin": [8, 8, 8],
			"color": 0,
			"children": [
				{
					"name": "group3",
					"origin": [0, 0, 0],
					"color": 0,
					"children": [0, 1, 2, 3, 4, 5, 6, 7, 8, 9, 10, 11, 12, 13, 14, 15, 16]
				},
				{
					"name": "group4",
					"origin": [8, 8, 8],
					"color": 0,
					"children": [
						17,
						18,
						19,
						20,
						21,
						22,
						23,
						24,
						25,
						26,
						27,
						28,
						29,
						30,
						31,
						{
							"name": "group",
							"origin": [0, 0, 0],
							"color": 0,
							"children": [32, 33, 34, 35, 36, 37, 38]
						}
					]
				}
			]
		}
	]
}