{
    "credit": "xuancat0208",
    "texture_size": [32, 32],
    "textures": {
        "0": "item/custom/cat_palms/cat_palm_glove_rainbow_advanced",
        "particle": "item/custom/cat_palms/cat_palm_glove_rainbow_advanced"
    },
    "elements": [
        {
            "from": [5, 0, 3],
            "to": [5, 1, 4],
            "rotation": {"angle": 45, "axis": "x", "origin": [4, 0, 4]},
            "faces": {
                "north": {"uv": [0.5, 0.5, 0.5, 1], "texture": "#0"},
                "east": {"uv": [0, 0.5, 0.5, 1], "texture": "#0"},
                "south": {"uv": [1, 0.5, 1, 1], "texture": "#0"},
                "west": {"uv": [0.5, 0.5, 1, 1], "texture": "#0"},
                "up": {"uv": [0.5, 0.5, 0.5, 0], "texture": "#0"},
                "down": {"uv": [0.5, 0, 0.5, 0.5], "texture": "#0"}
            }
        },
        {
            "from": [4, 0, 4],
            "to": [12, 8, 12],
            "rotation": {"angle": 0, "axis": "y", "origin": [4, 0, 4]},
            "faces": {
                "north": {"uv": [4, 4, 8, 8], "texture": "#0"},
                "east": {"uv": [0, 4, 4, 8], "texture": "#0"},
                "south": {"uv": [12, 4, 16, 8], "texture": "#0"},
                "west": {"uv": [8, 4, 12, 8], "texture": "#0"},
                "up": {"uv": [8, 4, 4, 0], "texture": "#0"},
                "down": {"uv": [12, 0, 8, 4], "texture": "#0"}
            }
        },
        {
            "from": [7, 0, 3],
            "to": [7, 1, 4],
            "rotation": {"angle": 45, "axis": "x", "origin": [4, 0, 4]},
            "faces": {
                "north": {"uv": [0.5, 1.5, 0.5, 2], "texture": "#0"},
                "east": {"uv": [0, 1.5, 0.5, 2], "texture": "#0"},
                "south": {"uv": [1, 1.5, 1, 2], "texture": "#0"},
                "west": {"uv": [0.5, 1.5, 1, 2], "texture": "#0"},
                "up": {"uv": [0.5, 1.5, 0.5, 1], "texture": "#0"},
                "down": {"uv": [0.5, 1, 0.5, 1.5], "texture": "#0"}
            }
        },
        {
            "from": [11, 0, 4],
            "to": [11, 1, 5],
            "rotation": {"angle": -45, "axis": "x", "origin": [4, 0, 4]},
            "faces": {
                "north": {"uv": [0.5, 2.5, 0.5, 3], "texture": "#0"},
                "east": {"uv": [0, 2.5, 0.5, 3], "texture": "#0"},
                "south": {"uv": [1, 2.5, 1, 3], "texture": "#0"},
                "west": {"uv": [0.5, 2.5, 1, 3], "texture": "#0"},
                "up": {"uv": [0.5, 2.5, 0.5, 2], "texture": "#0"},
                "down": {"uv": [0.5, 2, 0.5, 2.5], "texture": "#0"}
            }
        },
        {
            "from": [9, 0, 3],
            "to": [9, 1, 4],
            "rotation": {"angle": 45, "axis": "x", "origin": [4, 0, 4]},
            "faces": {
                "north": {"uv": [0.5, 3.5, 0.5, 4], "texture": "#0"},
                "east": {"uv": [0, 3.5, 0.5, 4], "texture": "#0"},
                "south": {"uv": [1, 3.5, 1, 4], "texture": "#0"},
                "west": {"uv": [0.5, 3.5, 1, 4], "texture": "#0"},
                "up": {"uv": [0.5, 3.5, 0.5, 3], "texture": "#0"},
                "down": {"uv": [0.5, 3, 0.5, 3.5], "texture": "#0"}
            }
        }
    ],
    "gui_light": "front",
    "display": {
        "thirdperson_righthand": {
            "rotation": [0, 0, -90],
            "translation": [2.5, -2, 2],
            "scale": [0.625, 0.625, 0.625]
        },
        "thirdperson_lefthand": {
            "rotation": [0, 0, -90],
            "translation": [2.5, -2, 2],
            "scale": [0.625, 0.625, 0.625]
        },
        "firstperson_righthand": {
            "rotation": [30, 30, -120],
            "translation": [8, 0, -2]
        },
        "firstperson_lefthand": {
            "rotation": [30, 30, -120],
            "translation": [8, 0, -2]
        },
        "ground": {
            "rotation": [90, 0, 0],
            "translation": [0, 2.4, 2.4],
            "scale": [0.6, 0.6, 0.6]
        },
        "gui": {
            "rotation": [90, 0, -180],
            "scale": [1.5, 1.5, 1.5]
        },
        "head": {
            "rotation": [90, 0, 0],
            "translation": [0, 0, 7.6],
            "scale": [1.9, 1.9, 1.9]
        },
        "fixed": {
            "rotation": [90, 0, 0],
            "translation": [0, 0, 3],
            "scale": [1.5, 1.5, 1.5]
        }
    }
}