{
    "credit": "xuancat0208",
    "textures": {
        "0": "item/custom/decorative_helmets/deer_horn/deer_horn_pink",
        "particle": "item/custom/decorative_helmets/deer_horn/deer_horn_pink"
    },
    "elements": [
        {
            "from": [4, 0, 7],
            "to": [6, 4, 8],
            "rotation": {"angle": 22.5, "axis": "z", "origin": [5, 0, 7]},
            "faces": {
                "north": {"uv": [1, 6, 3, 10], "texture": "#0"},
                "east": {"uv": [0, 6, 1, 10], "texture": "#0"},
                "south": {"uv": [4, 6, 6, 10], "texture": "#0"},
                "west": {"uv": [3, 6, 4, 10], "texture": "#0"},
                "up": {"uv": [3, 6, 1, 5], "texture": "#0"},
                "down": {"uv": [5, 5, 3, 6], "texture": "#0"}
            }
        },
        {
            "from": [5, 4, 7],
            "to": [6, 7, 8],
            "rotation": {"angle": 22.5, "axis": "z", "origin": [5, 0, 7]},
            "faces": {
                "north": {"uv": [7, 5, 8, 8], "texture": "#0"},
                "east": {"uv": [6, 5, 7, 8], "texture": "#0"},
                "south": {"uv": [9, 5, 10, 8], "texture": "#0"},
                "west": {"uv": [8, 5, 9, 8], "texture": "#0"},
                "up": {"uv": [8, 5, 7, 4], "texture": "#0"},
                "down": {"uv": [9, 4, 8, 5], "texture": "#0"}
            }
        },
        {
            "from": [10, 0, 7],
            "to": [12, 4, 8],
            "rotation": {"angle": -22.5, "axis": "z", "origin": [11, 0, 7]},
            "faces": {
                "north": {"uv": [1, 1, 3, 5], "texture": "#0"},
                "east": {"uv": [0, 1, 1, 5], "texture": "#0"},
                "south": {"uv": [4, 1, 6, 5], "texture": "#0"},
                "west": {"uv": [3, 1, 4, 5], "texture": "#0"},
                "up": {"uv": [3, 1, 1, 0], "texture": "#0"},
                "down": {"uv": [5, 0, 3, 1], "texture": "#0"}
            }
        },
        {
            "from": [10, 4, 7],
            "to": [11, 7, 8],
            "rotation": {"angle": -22.5, "axis": "z", "origin": [11, 0, 7]},
            "faces": {
                "north": {"uv": [7, 1, 8, 4], "texture": "#0"},
                "east": {"uv": [6, 1, 7, 4], "texture": "#0"},
                "south": {"uv": [9, 1, 10, 4], "texture": "#0"},
                "west": {"uv": [8, 1, 9, 4], "texture": "#0"},
                "up": {"uv": [8, 1, 7, 0], "texture": "#0"},
                "down": {"uv": [9, 0, 8, 1], "texture": "#0"}
            }
        }
    ],
    "gui_light": "front",
    "display": {
        "thirdperson_righthand": {
            "rotation": [0, 113, 0],
            "translation": [-0.75, 3.5, 1.25],
            "scale": [0.5, 0.5, 0.5]
        },
        "thirdperson_lefthand": {
            "rotation": [0, 113, 0],
            "translation": [-0.75, 3.5, 1.25],
            "scale": [0.5, 0.5, 0.5]
        },
        "firstperson_righthand": {
            "rotation": [0, -154, -10],
            "translation": [3, 5, 0]
        },
        "firstperson_lefthand": {
            "rotation": [0, -154, -10],
            "translation": [3, 5, 0]
        },
        "ground": {
            "translation": [0, 4.75, 0.6],
            "scale": [0.6, 0.6, 0.6]
        },
        "gui": {
            "rotation": [0, -180, 0],
            "translation": [0, 9.5, 0],
            "scale": [1.4, 1.4, 1.4]
        },
        "head": {
            "translation": [0, 15.25, -0.75],
            "scale": [1.2, 1.2, 1.2]
        },
        "fixed": {
            "translation": [0, 9.75, 0.75],
            "scale": [1.4, 1.4, 1.4]
        }
    },
    "groups": [
        {
            "name": "group",
            "origin": [8, 8, 8],
            "color": 0,
            "children": [0, 1]
        },
        {
            "name": "group",
            "origin": [8, 8, 8],
            "color": 0,
            "children": [2, 3]
        }
    ]
}